Date,SP500,Dividend,Earnings,Consumer Price Index,Long Interest Rate,Real Price,Real Dividend,Real Earnings,PE10
1871-01-01,4.44,0.26,0.4,12.46,5.32,117.69670304975924,6.39,10.603306581059389,0.0
1871-02-01,4.5,0.26,0.4,12.84,5.32,115.7568925233645,6.2,10.289501557632398,0.0
1871-03-01,4.61,0.26,0.4,13.03,5.33,116.85730851880277,6.11,10.139462778204145,0.0
1871-04-01,4.74,0.26,0.4,12.56,5.33,124.6487914012739,6.34,10.51888535031847,0.0
1871-05-01,4.86,0.26,0.4,12.27,5.33,130.8251002444988,6.48,10.767497962510188,0.0
1871-06-01,4.82,0.26,0.4,12.08,5.34,131.78909437086094,6.59,10.93685430463576,0.0
1871-07-01,4.73,0.26,0.4,12.08,5.34,129.3283021523179,6.59,10.93685430463576,0.0
1871-08-01,4.79,0.26,0.4,11.89,5.34,133.06168797308663,6.69,11.11162321278385,0.0
1871-09-01,4.84,0.26,0.4,12.18,5.35,131.24943513957308,6.54,10.847060755336617,0.0
1871-10-01,4.59,0.26,0.4,12.37,5.35,122.5581948261924,6.43,10.680452708164916,0.0
1871-11-01,4.64,0.26,0.4,12.37,5.35,123.89325141471302,6.43,10.680452708164916,0.0
1871-12-01,4.74,0.26,0.4,12.65,5.36,123.76196205533599,6.29,10.44404743083004,0.0
1872-01-01,4.86,0.2633,0.4025,12.65,5.36,126.89517628458499,6.37,10.509322727272728,0.0
1872-02-01,4.88,0.2667,0.405,12.65,5.38,127.41737865612649,6.45,10.574598023715415,0.0
1872-03-01,5.04,0.27,0.4075,12.84,5.4,129.64771962616823,6.43,10.482429711838005,0.0
1872-04-01,5.18,0.2733,0.41,13.13,5.42,130.3059969535415,6.37,10.313795125666411,0.0
1872-05-01,5.18,0.2767,0.4125,13.13,5.43,130.3059969535415,6.45,10.376684120335108,0.0
1872-06-01,5.13,0.28,0.415,13.03,5.45,130.03861013046816,6.58,10.5196926323868,0.0
1872-07-01,5.1,0.2833,0.4175,12.84,5.47,131.19114485981308,6.75,10.739667250778815,0.0
1872-08-01,5.04,0.2867,0.42,12.94,5.49,128.6458052550232,6.78,10.720483771251933,0.0
1872-09-01,4.95,0.29,0.4225,13.03,5.51,125.4758518802763,6.81,10.709807559478127,0.0
1872-10-01,4.97,0.2933,0.425,12.75,5.52,128.74950666666666,7.04,11.009766666666668,0.0
1872-11-01,4.95,0.2967,0.4275,13.13,5.54,124.52020944402132,6.92,10.754018088347294,0.0
1872-12-01,5.07,0.3,0.43,12.94,5.56,129.41155409582692,7.1,10.97573338485317,0.0
1873-01-01,5.11,0.3025,0.4325,12.94,5.58,130.43255255023186,7.16,11.039545788253477,0.0
1873-02-01,5.15,0.305,0.435,13.23,5.57,128.57210506424792,7.06,10.859973922902494,0.0
1873-03-01,5.11,0.3075,0.4375,13.23,5.56,127.57348677248677,7.12,10.922387566137566,0.0
1873-04-01,5.04,0.31,0.44,13.23,5.55,125.82590476190475,7.18,10.98480120937264,0.0
1873-05-01,5.05,0.3125,0.4425,12.94,5.54,128.9010548686244,7.39,11.294795401854714,0.0
1873-06-01,4.98,0.315,0.445,12.56,5.53,130.96012261146498,7.68,11.7022599522293,0.0
1873-07-01,4.97,0.3175,0.4475,12.56,5.53,130.697150477707,7.74,11.768002985668788,0.0
1873-08-01,4.97,0.32,0.45,12.56,5.52,130.697150477707,7.8,11.83374601910828,0.0
1873-09-01,4.59,0.3225,0.4525,12.56,5.51,120.70420939490445,7.86,11.89948905254777,0.0
1873-10-01,4.19,0.325,0.455,12.27,5.5,112.78954115729424,8.11,12.24802893235534,0.0
1873-11-01,4.04,0.3275,0.4575,11.89,5.49,112.2273944491169,8.43,12.70891904962153,0.0
1873-12-01,4.42,0.33,0.46,12.18,5.48,119.86002134646964,8.3,12.474119868637112,0.0
1874-01-01,4.66,0.33,0.46,12.37,5.47,124.42727405012128,8.17,12.282520614389655,0.0
1874-02-01,4.8,0.33,0.46,12.37,5.44,128.165432497979,8.17,12.282520614389655,0.0
1874-03-01,4.73,0.33,0.46,12.37,5.4,126.29635327405013,8.17,12.282520614389655,0.0
1874-04-01,4.6,0.33,0.46,12.18,5.37,124.7411986863711,8.3,12.474119868637112,0.0
1874-05-01,4.48,0.33,0.46,12.08,5.34,122.49276821192055,8.36,12.577382450331127,0.0
1874-06-01,4.46,0.33,0.46,11.8,5.3,124.83955762711864,8.56,12.875828813559323,0.0
1874-07-01,4.46,0.33,0.46,11.89,5.27,123.89459882253995,8.49,12.77836669470143,0.0
1874-08-01,4.47,0.33,0.46,11.8,5.24,125.11946694915252,8.56,12.875828813559323,0.0
1874-09-01,4.54,0.33,0.46,11.8,5.2,127.07883220338984,8.56,12.875828813559323,0.0
1874-10-01,4.53,0.33,0.46,11.61,5.17,128.87401291989664,8.7,13.086544358311802,0.0
1874-11-01,4.57,0.33,0.46,11.51,5.14,131.14152997393572,8.77,13.200241529105128,0.0
1874-12-01,4.54,0.33,0.46,11.51,5.1,130.28064465682016,8.77,13.200241529105128,0.0
1875-01-01,4.54,0.3275,0.4517,11.51,5.07,130.28064465682016,8.71,12.96206325803649,0.0
1875-02-01,4.53,0.325,0.4433,11.51,5.03,129.9936828844483,8.64,12.721015369244137,0.0
1875-03-01,4.59,0.3225,0.435,11.51,4.99,131.7154535186794,8.58,12.482837098175501,0.0
1875-04-01,4.65,0.32,0.4267,11.61,4.95,132.28789405684756,8.44,12.139192342807926,0.0
1875-05-01,4.47,0.3175,0.4183,11.32,4.91,130.42488604240282,8.58,12.205084973498234,0.0
1875-06-01,4.38,0.315,0.41,11.13,4.87,129.98053369272236,8.66,12.167127583108714,0.0
1875-07-01,4.39,0.3125,0.4017,11.13,4.83,130.27729290206648,8.59,11.920817439353097,0.0
1875-08-01,4.41,0.31,0.3933,11.23,4.79,129.70544345503117,8.45,11.567607916295636,0.0
1875-09-01,4.37,0.3075,0.385,11.13,4.75,129.68377448337824,8.46,11.425229559748427,0.0
1875-10-01,4.3,0.305,0.3767,11.13,4.71,127.60646001796944,8.39,11.17891941599281,0.0
1875-11-01,4.37,0.3025,0.3683,11.04,4.67,130.74097916666668,8.39,11.018742019927538,0.0
1875-12-01,4.37,0.3,0.36,10.94,4.63,131.9360521023766,8.39,10.868873857404022,0.0
1876-01-01,4.46,0.3,0.3533,10.85,4.59,135.77021013824887,8.47,10.75507068202765,0.0
1876-02-01,4.52,0.3,0.3467,10.85,4.58,137.59671520737328,8.47,10.554155124423964,0.0
1876-03-01,4.51,0.3,0.34,10.85,4.57,137.29229769585254,8.47,10.35019539170507,0.0
1876-04-01,4.34,0.3,0.3333,10.75,4.56,133.34619720930232,8.54,10.240619246511628,0.0
1876-05-01,4.18,0.3,0.3267,10.37,4.54,133.1364262295082,8.86,10.405662786885246,0.0
1876-06-01,4.15,0.3,0.32,10.09,4.53,135.84895441030727,9.11,10.475100099108028,0.0
1876-07-01,4.1,0.3,0.3133,10.09,4.52,134.21222001982161,9.11,10.255777690782955,0.0
1876-08-01,3.93,0.3,0.3067,10.18,4.51,127.50996954813361,9.02,9.950968870333988,0.0
1876-09-01,3.69,0.3,0.3,10.28,4.5,118.55847957198444,8.94,9.638900778210118,0.0
1876-10-01,3.67,0.3,0.2933,10.47,4.49,115.77605635148042,8.77,9.25262052531041,0.0
1876-11-01,3.6,0.3,0.2867,10.56,4.47,112.59988636363637,8.7,8.967329839015152,0.0
1876-12-01,3.58,0.3,0.28,10.75,4.46,109.99525023255813,8.54,8.60298046511628,0.0
1877-01-01,3.55,0.2908,0.2817,10.94,4.45,107.17917276051189,8.14,8.504893793418647,0.0
1877-02-01,3.34,0.2817,0.2833,10.66,4.44,103.48767542213882,8.09,8.777861810506566,0.0
1877-03-01,3.17,0.2725,0.285,10.18,4.43,102.85155304518665,8.19,9.246906188605108,0.0
1877-04-01,2.94,0.2633,0.2867,10.47,4.42,92.74703151862464,7.7,9.044412903533907,0.0
1877-05-01,2.94,0.2542,0.2883,10.66,4.41,91.09394183864916,7.3,8.932783480300188,0.0
1877-06-01,2.73,0.245,0.29,10.09,4.4,89.36569772051536,7.44,9.49305946481665,0.0
1877-07-01,2.85,0.2358,0.2917,10.18,4.39,92.46906188605108,7.09,9.46428959724951,0.0
1877-08-01,3.05,0.2267,0.2933,9.8,4.39,102.79527040816326,7.08,9.885197642857143,0.0
1877-09-01,3.24,0.2175,0.295,9.7,4.38,110.32467216494847,6.86,10.044993298969073,0.0
1877-10-01,3.31,0.2083,0.2967,9.7,4.37,112.70822989690723,6.57,10.102879701030929,0.0
1877-11-01,3.26,0.1992,0.2983,9.51,4.36,113.2234679284963,6.41,10.360294626708729,0.0
1877-12-01,3.25,0.19,0.3,9.51,4.35,112.87615667718192,6.11,10.419337539432178,0.0
1878-01-01,3.25,0.1892,0.3008,9.23,4.34,116.30035211267605,6.28,10.764044897074758,0.0
1878-02-01,3.18,0.1883,0.3017,9.13,4.33,115.04181161007666,6.31,10.91450143483023,0.0
1878-03-01,3.24,0.1875,0.3025,8.94,4.32,119.7035033557047,6.42,11.17602153243848,0.0
1878-04-01,3.33,0.1867,0.3033,8.85,4.31,124.27973898305086,6.46,11.319532983050848,0.0
1878-05-01,3.34,0.1858,0.3042,8.56,4.3,128.87600700934578,6.64,11.73774890186916,0.0
1878-06-01,3.41,0.185,0.305,8.37,4.29,134.56381481481483,6.76,12.035766427718043,0.0
1878-07-01,3.48,0.1842,0.3058,8.47,4.28,135.70479811097994,6.66,11.924864155844157,0.0
1878-08-01,3.45,0.1833,0.3067,8.56,4.27,133.12042640186917,6.55,11.83421297897196,0.0
1878-09-01,3.52,0.1825,0.3075,8.56,4.26,135.82142056074767,6.52,11.86508148364486,0.0
1878-10-01,3.48,0.1817,0.3083,8.47,4.25,135.70479811097994,6.57,12.022353234946872,0.0
1878-11-01,3.47,0.1808,0.3092,8.37,4.24,136.93150657108723,6.61,12.201504850657109,0.0
1878-12-01,3.45,0.18,0.31,8.18,4.23,139.30450488997556,6.73,12.517216381418095,0.0
1879-01-01,3.58,0.1817,0.3158,8.28,4.22,142.8078429951691,6.72,12.597406932367154,0.0
1879-02-01,3.71,0.1833,0.3217,8.37,4.2,146.40227359617685,6.7,12.694773966547192,0.0
1879-03-01,3.65,0.185,0.3275,8.28,4.19,145.60017512077295,6.84,13.064125301932368,0.0
1879-04-01,3.77,0.1867,0.3333,8.18,4.17,152.22550244498777,6.98,13.45802651589242,0.0
1879-05-01,3.94,0.1883,0.3392,8.18,4.15,159.08978239608803,7.04,13.696257408312958,0.0
1879-06-01,3.96,0.19,0.345,8.09,4.14,161.67617799752782,7.19,14.085424598269467,0.0
1879-07-01,4.04,0.1917,0.3508,8.18,4.12,163.12759413202934,7.17,14.164643569682152,0.0
1879-08-01,4.07,0.1933,0.3567,8.18,4.1,164.33893765281178,7.23,14.402874462102691,0.0
1879-09-01,4.22,0.195,0.3625,8.47,4.09,164.56156552538368,7.05,14.135916469893742,0.0
1879-10-01,4.68,0.1967,0.3683,8.94,4.07,172.90506040268457,6.73,13.607037125279643,0.0
1879-11-01,4.93,0.1983,0.3742,9.42,4.05,172.8603492569002,6.44,13.120556326963905,0.0
1879-12-01,4.92,0.2,0.38,9.7,4.04,167.53005773195878,6.31,12.939313402061858,0.0
1880-01-01,5.11,0.205,0.3892,9.99,4.02,168.9486716716717,6.28,12.867871431431432,0.0
1880-02-01,5.2,0.21,0.3983,9.99,3.99,171.92428428428428,6.43,13.16873892892893,0.0
1880-03-01,5.3,0.215,0.4075,10.09,3.97,173.4938453914767,6.53,13.339385282457878,0.0
1880-04-01,5.18,0.22,0.4167,9.7,3.94,176.38327216494847,6.94,14.188978670103094,0.0
1880-05-01,4.77,0.225,0.4258,9.42,3.91,167.25027707006367,7.31,14.929804607218683,0.0
1880-06-01,4.79,0.23,0.435,9.23,3.89,171.40882665222102,7.63,15.566354821235104,0.0
1880-07-01,5.01,0.235,0.4442,9.23,3.86,179.281465872156,7.79,15.895574279523291,0.0
1880-08-01,5.19,0.24,0.4533,9.23,3.83,185.72271614301192,7.96,16.221215265438786,0.0
1880-09-01,5.18,0.245,0.4625,9.32,3.81,183.57486480686694,8.04,16.39061292918455,0.0
1880-10-01,5.33,0.25,0.4717,9.32,3.78,188.89073927038626,8.21,16.716653229613733,0.0
1880-11-01,5.61,0.255,0.4808,9.42,3.75,196.70315605095544,8.29,16.85826692144374,0.0
1880-12-01,5.84,0.26,0.49,9.51,3.73,202.82977076761304,8.37,17.018251314405887,0.4970231347633337
1881-01-01,6.19,0.265,0.4858,9.42,3.7,217.03966772823782,8.61,17.03358167728238,18.47
1881-02-01,6.17,0.27,0.4817,9.51,3.69,214.29104206098842,8.69,16.729982975814934,18.15
1881-03-01,6.24,0.275,0.4775,9.51,3.69,216.72222082018928,8.85,16.584112250262883,18.27
1881-04-01,6.22,0.28,0.4733,9.61,3.68,213.7796524453694,8.92,16.26718802289282,17.95
1881-05-01,6.5,0.285,0.4692,9.51,3.67,225.75231335436385,9.17,16.295843911671923,18.87
1881-06-01,6.58,0.29,0.465,9.51,3.67,228.5308033648791,9.33,16.149973186119876,19.03
1881-07-01,6.35,0.295,0.4608,9.61,3.66,218.2477159209157,9.4,15.837566534859523,18.12
1881-08-01,6.2,0.3,0.4567,9.8,3.65,208.96087755102042,9.37,15.392327867346939,17.29
1881-09-01,6.25,0.305,0.4525,10.18,3.65,202.78303045186644,9.17,14.681491404715128,16.72
1881-10-01,6.15,0.31,0.4483,10.28,3.64,197.59746595330742,9.24,14.403730729571985,16.26
1881-11-01,6.19,0.315,0.4442,10.18,3.63,200.83631335952853,9.47,14.412195540275048,16.48
1881-12-01,6.01,0.32,0.44,10.18,3.63,194.99616208251473,9.62,14.275925343811396,15.96
1882-01-01,5.92,0.32,0.4392,10.18,3.62,192.07608644400787,9.62,14.249969115913556,15.68
1882-02-01,5.79,0.32,0.4383,10.28,3.62,186.03078501945527,9.53,14.082434036964983,15.15
1882-03-01,5.78,0.32,0.4375,10.28,3.62,185.70948832684826,9.53,14.05673030155642,15.09
1882-04-01,5.78,0.32,0.4367,10.37,3.62,184.09773770491805,9.45,13.909252950819674,14.92
1882-05-01,5.71,0.32,0.4358,10.47,3.62,180.1311394460363,9.36,13.748012359121299,14.57
1882-06-01,5.68,0.32,0.435,10.56,3.62,177.65759848484848,9.28,13.605819602272728,14.33
1882-07-01,6.0,0.32,0.4342,10.47,3.62,189.27965616045844,9.36,13.697537784145174,15.24
1882-08-01,6.18,0.32,0.4333,10.56,3.63,193.29647159090908,9.28,13.552647433712123,15.53
1882-09-01,6.24,0.32,0.4325,10.28,3.63,200.48913618677042,9.53,13.89608195525292,16.08
1882-10-01,6.07,0.32,0.4317,10.18,3.63,196.9428791748527,9.62,14.006629479371316,15.76
1882-11-01,5.81,0.32,0.4308,10.09,3.63,190.1885361744301,9.71,14.102103508424182,15.19
1882-12-01,5.84,0.32,0.43,9.99,3.63,193.0841961961962,9.81,14.216815815815817,15.38
1883-01-01,5.81,0.3208,0.4275,9.99,3.63,192.0923253253253,9.83,14.13415990990991,15.27
1883-02-01,5.68,0.3217,0.425,10.09,3.63,185.9330267591675,9.76,13.91224231912785,14.76
1883-03-01,5.75,0.3225,0.4225,9.99,3.63,190.1085835835836,9.88,13.968848098098096,15.05
1883-04-01,5.87,0.3233,0.42,9.9,3.63,195.84039494949496,10.0,14.012430303030303,15.48
1883-05-01,5.77,0.3242,0.4175,9.8,3.63,194.4684295918367,10.13,14.071155867346937,15.34
1883-06-01,5.82,0.325,0.415,9.51,3.63,202.13514826498425,10.46,14.413416929547845,15.9
1883-07-01,5.73,0.3258,0.4125,9.32,3.62,203.06640450643778,10.7,14.61865477467811,15.95
1883-08-01,5.47,0.3267,0.41,9.32,3.62,193.8522221030043,10.73,14.530056866952789,15.2
1883-09-01,5.53,0.3275,0.4075,9.23,3.62,197.8895222101842,10.86,14.582274918743225,15.49
1883-10-01,5.38,0.3283,0.405,9.23,3.62,192.5218136511376,10.89,14.492813109425784,15.05
1883-11-01,5.46,0.3292,0.4025,9.13,3.62,197.52461993428255,11.03,14.561109802847755,15.41
1883-12-01,5.34,0.33,0.4,9.23,3.62,191.0904247020585,10.95,14.3138894907909,14.9
1884-01-01,5.18,0.3283,0.3925,9.23,3.62,185.36486890574213,10.89,14.045504062838571,14.43
1884-02-01,5.32,0.3267,0.385,9.23,3.61,190.37473022751897,10.84,13.777118634886241,14.81
1884-03-01,5.3,0.325,0.3775,9.23,3.6,189.6590357529794,10.78,13.508733206933911,14.74
1884-04-01,5.06,0.3233,0.37,9.04,3.59,184.87639159292036,10.95,13.518629424778762,14.35
1884-05-01,4.65,0.3217,0.3625,8.85,3.59,173.54377966101697,11.13,13.528950564971751,13.47
1884-06-01,4.46,0.32,0.355,8.85,3.58,166.4527435028249,11.07,13.249041242937853,12.91
1884-07-01,4.46,0.3183,0.3475,8.75,3.57,168.35506057142857,11.13,13.11735057142857,13.04
1884-08-01,4.74,0.3167,0.34,8.75,3.56,178.9244365714286,11.08,12.834242285714286,13.86
1884-09-01,4.59,0.315,0.3325,8.66,3.55,175.0629180138568,11.14,12.681573036951502,13.57
1884-10-01,4.44,0.3133,0.325,8.56,3.54,171.32020093457945,11.2,12.540330023364485,13.27
1884-11-01,4.35,0.3117,0.3175,8.37,3.54,171.6576523297491,11.4,12.529035543608124,13.3
1884-12-01,4.34,0.31,0.31,8.28,3.53,173.12459178743964,11.46,12.366042270531404,13.43
1885-01-01,4.24,0.3042,0.3067,8.28,3.52,169.13554589371984,11.25,12.234403756038647,13.13
1885-02-01,4.37,0.2983,0.3033,8.37,3.51,172.44688291517326,10.91,11.968681827956992,13.38
1885-03-01,4.38,0.2925,0.3,8.18,3.5,176.85615403422983,10.94,12.113435207823962,13.73
1885-04-01,4.37,0.2867,0.2967,8.28,3.48,174.32130555555557,10.6,11.835499166666668,13.55
1885-05-01,4.32,0.2808,0.2933,8.09,3.47,176.37401236093945,10.63,11.974652274412856,13.71
1885-06-01,4.3,0.275,0.29,7.9,3.46,179.77973417721518,10.66,12.124679746835442,13.98
1885-07-01,4.46,0.2692,0.2867,7.99,3.44,184.3688085106383,10.31,11.851690000000001,14.33
1885-08-01,4.71,0.2633,0.2833,7.99,3.43,194.7033829787234,10.09,11.711139787234043,15.13
1885-09-01,4.65,0.2575,0.28,7.9,3.42,194.41296835443038,9.98,11.706587341772153,15.12
1885-10-01,4.92,0.2517,0.2767,7.9,3.41,205.70146329113925,9.76,11.568616848101266,15.99
1885-11-01,5.24,0.2458,0.2733,7.99,3.4,216.61268085106383,9.41,11.297756808510638,16.82
1885-12-01,5.2,0.24,0.27,8.18,3.38,209.96621026894866,8.98,10.902091687041565,16.3
1886-01-01,5.2,0.2383,0.275,7.99,3.37,214.9591489361702,9.13,11.368031914893619,16.69
1886-02-01,5.3,0.2367,0.28,7.99,3.38,219.09297872340423,9.07,11.57472340425532,17.01
1886-03-01,5.19,0.235,0.285,7.9,3.4,216.98995822784812,9.11,11.915633544303796,16.84
1886-04-01,5.12,0.2333,0.29,7.8,3.41,216.80771282051282,9.15,12.28012435897436,16.8
1886-05-01,5.02,0.2317,0.295,7.61,3.42,217.88053350854136,9.32,12.803736530880421,16.86
1886-06-01,5.25,0.23,0.3,7.52,3.43,230.59019281914897,9.37,13.176582446808512,17.83
1886-07-01,5.33,0.2283,0.305,7.61,3.44,231.33530749014454,9.18,13.23776149802891,17.85
1886-08-01,5.37,0.2267,0.31,7.71,3.46,230.0484319066148,9.0,13.280263294422829,17.72
1886-09-01,5.51,0.225,0.315,7.71,3.47,236.0459701686122,8.94,13.494461089494163,18.15
1886-10-01,5.65,0.2233,0.32,7.71,3.48,242.04350843060962,8.87,13.7086588845655,18.56
1886-11-01,5.79,0.2217,0.325,7.71,3.5,248.041046692607,8.81,13.922856679636835,18.97
1886-12-01,5.64,0.22,0.33,7.8,3.51,238.82724615384615,8.63,13.973934615384616,18.19
1887-01-01,5.58,0.2225,0.3325,7.99,3.52,230.66770212765957,8.52,13.744984042553192,17.51
1887-02-01,5.54,0.225,0.335,8.09,3.53,226.18333992583436,8.52,13.677151421508036,17.13
1887-03-01,5.67,0.2275,0.3375,8.09,3.55,231.49089122373303,8.61,13.779219715698394,17.47
1887-04-01,5.8,0.23,0.34,8.09,3.56,236.79844252163164,8.71,13.881288009888753,17.82
1887-05-01,5.9,0.2325,0.3425,8.09,3.57,240.881174289246,8.8,13.983356304079111,18.08
1887-06-01,5.73,0.235,0.345,7.99,3.58,236.86844680851067,9.0,14.261712765957446,17.71
1887-07-01,5.59,0.2375,0.3475,7.9,3.59,233.71365443037973,9.21,14.528711075949365,17.43
1887-08-01,5.45,0.24,0.35,7.99,3.61,225.29372340425533,9.19,14.468404255319149,16.74
1887-09-01,5.38,0.2425,0.3525,7.9,3.62,224.9337139240506,9.4,14.737757278481011,16.68
1887-10-01,5.2,0.245,0.355,7.99,3.63,214.9591489361702,9.38,14.675095744680851,15.88
1887-11-01,5.3,0.2475,0.3575,8.09,3.65,216.38478368355993,9.37,14.595766069221261,15.95
1887-12-01,5.27,0.25,0.36,8.28,3.66,210.22271859903384,9.25,14.360565217391304,15.46
1888-01-01,5.31,0.2483,0.3517,8.37,3.67,209.54072043010754,9.08,13.878619844683394,15.36
1888-02-01,5.28,0.2467,0.3433,8.28,3.65,210.6216231884058,9.12,13.694394553140098,15.42
1888-03-01,5.08,0.245,0.335,8.28,3.63,202.6435314009662,9.06,13.363303743961355,14.81
1888-04-01,5.1,0.2433,0.3267,8.18,3.62,205.9283985330073,9.1,13.191530941320293,15.02
1888-05-01,5.17,0.2417,0.3183,8.09,3.6,211.07723238566132,9.15,12.995335216316443,15.39
1888-06-01,5.01,0.24,0.31,7.99,3.58,207.10487234042552,9.19,12.814872340425532,15.08
1888-07-01,5.14,0.2383,0.3017,8.09,3.56,209.852412855377,9.02,12.317601742892462,15.28
1888-08-01,5.25,0.2367,0.2933,8.09,3.54,214.34341779975279,8.96,11.974652274412856,15.6
1888-09-01,5.38,0.235,0.285,8.09,3.52,219.65096909765143,8.9,11.635785537700865,15.99
1888-10-01,5.35,0.2333,0.2767,8.18,3.5,216.02292787286063,8.73,11.172625073349634,15.72
1888-11-01,5.24,0.2317,0.2683,8.28,3.49,209.02600483091788,8.57,10.702610132850243,15.22
1888-12-01,5.14,0.23,0.26,8.28,3.47,205.03695893719808,8.51,10.3715193236715,14.95
1889-01-01,5.24,0.2292,0.2633,7.99,3.45,216.61268085106383,8.78,10.884373829787233,15.8
1889-02-01,5.3,0.2283,0.2667,7.9,3.45,221.58897468354428,8.85,11.150524443037975,16.19
1889-03-01,5.19,0.2275,0.27,7.8,3.44,219.7718807692308,8.93,11.433219230769232,16.07
1889-04-01,5.18,0.2267,0.2733,7.8,3.44,219.3484282051282,8.9,11.572958576923078,16.05
1889-05-01,5.32,0.2258,0.2767,7.61,3.44,230.90128252299604,9.08,12.009470840998686,16.92
1889-06-01,5.41,0.225,0.28,7.61,3.44,234.80750722733245,9.05,12.152699080157689,17.22
1889-07-01,5.3,0.2242,0.2833,7.61,3.44,230.03323258869906,9.02,12.29592731931669,16.89
1889-08-01,5.37,0.2233,0.2867,7.61,3.43,233.0714073587385,8.98,12.443495808147174,17.13
1889-09-01,5.5,0.2225,0.29,7.71,3.43,235.61757457846952,8.84,12.423472114137484,17.35
1889-10-01,5.4,0.2217,0.2933,7.71,3.43,231.3336186770428,8.81,12.564842658884567,17.05
1889-11-01,5.35,0.2208,0.2967,7.71,3.43,229.19164072632944,8.77,12.710497159533075,16.91
1889-12-01,5.32,0.22,0.3,7.8,3.42,225.2767641025641,8.63,12.703576923076923,16.61
1890-01-01,5.38,0.22,0.2992,7.61,3.42,233.50543232588697,8.85,12.986027017082787,17.22
1890-02-01,5.32,0.22,0.2983,7.61,3.44,230.90128252299604,8.85,12.946964770039422,17.03
1890-03-01,5.28,0.22,0.2975,7.61,3.45,229.1651826544021,8.85,12.912242772667543,16.9
1890-04-01,5.39,0.22,0.2967,7.61,3.47,233.93945729303547,8.85,12.877520775295665,17.26
1890-05-01,5.62,0.22,0.2958,7.71,3.49,240.7583216601816,8.74,12.671941556420235,17.79
1890-06-01,5.58,0.22,0.295,7.71,3.5,239.0447392996109,8.74,12.637669909208821,17.68
1890-07-01,5.54,0.22,0.2942,7.71,3.52,237.3311569390402,8.74,12.603398261997407,17.59
1890-08-01,5.41,0.22,0.2933,7.99,3.54,223.6401914893617,8.43,12.124522765957447,16.6
1890-09-01,5.32,0.22,0.2925,8.09,3.55,217.2013300370828,8.33,11.94199042027194,16.17
1890-10-01,5.08,0.22,0.2917,8.09,3.57,207.4027737948084,8.33,11.909328566131027,15.48
1890-11-01,4.71,0.22,0.2908,7.9,3.59,196.92152278481012,8.53,12.158127139240507,14.75
1890-12-01,4.6,0.22,0.29,7.9,3.6,192.3225063291139,8.53,12.124679746835442,14.44
1891-01-01,4.84,0.22,0.2942,7.8,3.62,204.95104102564105,8.63,12.457974435897437,15.43
1891-02-01,4.9,0.22,0.2983,7.9,3.62,204.86527848101267,8.53,12.471696443037976,15.48
1891-03-01,4.81,0.22,0.3025,7.99,3.62,198.83721276595742,8.43,12.504835106382979,15.05
1891-04-01,4.97,0.22,0.3067,8.09,3.61,202.91176885043262,8.33,12.521738331273175,15.41
1891-05-01,4.95,0.22,0.3108,7.99,3.61,204.62457446808511,8.43,12.847942978723406,15.57
1891-06-01,4.85,0.22,0.315,7.8,3.61,205.3744935897436,8.63,13.338755769230769,15.66
1891-07-01,4.77,0.22,0.3192,7.71,3.61,204.34469649805447,8.74,13.674387237354084,15.62
1891-08-01,4.93,0.22,0.3233,7.71,3.61,211.1990259403372,8.74,13.85002942931258,16.16
1891-09-01,5.33,0.22,0.3275,7.61,3.61,231.33530749014454,8.85,14.214317674113008,17.71
1891-10-01,5.33,0.22,0.3317,7.61,3.6,231.33530749014454,8.85,14.396608160315374,17.72
1891-11-01,5.25,0.22,0.3358,7.52,3.6,230.59019281914897,8.96,14.74898795212766,17.67
1891-12-01,5.41,0.22,0.34,7.52,3.6,237.61770345744685,8.96,14.93346010638298,18.21
1892-01-01,5.51,0.2217,0.3425,7.33,3.6,248.28300545702592,9.26,15.433199522510233,19.02
1892-02-01,5.52,0.2233,0.345,7.33,3.61,248.73360982264663,9.33,15.545850613915414,19.04
1892-03-01,5.58,0.225,0.3475,7.14,3.62,258.12814285714285,9.65,16.075184523809522,19.74
1892-04-01,5.57,0.2267,0.35,7.04,3.64,261.32556960227276,9.86,16.420816761363636,19.94
1892-05-01,5.57,0.2283,0.3525,7.04,3.65,261.32556960227276,9.93,16.53810830965909,19.91
1892-06-01,5.54,0.23,0.355,7.04,3.66,259.91807102272725,10.0,16.655399857954546,19.77
1892-07-01,5.54,0.2317,0.3575,7.23,3.67,253.0875822959889,9.81,16.331915283540802,19.21
1892-08-01,5.62,0.2333,0.36,7.33,3.69,253.23965347885402,9.75,16.22175716234652,19.2
1892-09-01,5.48,0.235,0.3625,7.33,3.7,246.93119236016372,9.82,16.334408253751704,18.69
1892-10-01,5.59,0.2367,0.365,7.33,3.71,251.88784038199182,9.89,16.44705934515689,19.04
1892-11-01,5.57,0.2383,0.3675,7.52,3.73,244.6452140957447,9.71,16.141313497340427,18.46
1892-12-01,5.51,0.24,0.37,7.61,3.74,239.14775689881733,9.65,16.058923784494088,18.01
1893-01-01,5.61,0.2408,0.3608,7.9,3.75,234.54983924050634,9.33,15.084773974683545,17.66
1893-02-01,5.51,0.2417,0.3517,7.99,3.75,227.77402127659573,9.26,14.538679361702128,17.13
1893-03-01,5.31,0.2425,0.3425,7.8,3.74,224.85331153846153,9.52,14.503250320512821,16.9
1893-04-01,5.31,0.2433,0.3333,7.71,3.74,227.47805836575876,9.66,14.278425019455252,17.1
1893-05-01,4.84,0.2442,0.3242,7.61,3.73,210.0680840998686,9.82,14.071089434954006,15.78
1893-06-01,4.61,0.245,0.315,7.42,3.73,205.20899326145553,10.11,14.021872641509434,15.42
1893-07-01,4.18,0.2458,0.3058,7.23,3.73,190.95777869986168,10.41,13.970069073305671,14.35
1893-08-01,4.08,0.2467,0.2967,6.95,3.72,193.89862446043165,10.87,14.100422028776979,14.59
1893-09-01,4.37,0.2475,0.2875,7.23,3.72,199.63767773167356,10.48,13.13405774550484,15.01
1893-10-01,4.5,0.2483,0.2783,7.33,3.71,202.7719645293315,10.38,12.540319495225102,15.27
1893-11-01,4.57,0.2492,0.2692,7.14,3.71,211.40602380952382,10.69,12.45306380952381,15.94
1893-12-01,4.41,0.25,0.26,7.04,3.7,206.9022911931818,10.87,12.198321022727274,15.61
1894-01-01,4.32,0.2467,0.2517,6.85,3.7,208.30157080291974,11.02,12.136459576642336,15.74
1894-02-01,4.38,0.2433,0.2433,6.76,3.68,214.00641124260358,11.03,11.887616405325442,16.2
1894-03-01,4.51,0.24,0.235,6.57,3.66,226.7308112633181,11.19,11.81413318112633,17.19
1894-04-01,4.57,0.2367,0.2267,6.57,3.64,229.74718569254185,11.04,11.39686805175038,17.43
1894-05-01,4.4,0.2333,0.2183,6.57,3.62,221.20079147640794,10.88,10.974575631659055,16.81
1894-06-01,4.34,0.23,0.21,6.57,3.6,218.18441704718416,10.72,10.557310502283105,16.61
1894-07-01,4.25,0.2267,0.2017,6.57,3.58,213.65985540334853,10.57,10.140045372907153,16.29
1894-08-01,4.41,0.2233,0.1933,6.76,3.56,215.47220857988165,10.12,9.444620843195267,16.46
1894-09-01,4.48,0.22,0.185,6.85,3.54,216.0164437956205,9.83,8.92032189781022,16.52
1894-10-01,4.34,0.2167,0.1767,6.66,3.52,215.23597897897898,9.96,8.763179144144143,16.5
1894-11-01,4.34,0.2133,0.1683,6.66,3.5,215.23597897897898,9.8,8.346593378378378,16.54
1894-12-01,4.3,0.21,0.16,6.57,3.48,216.173500761035,9.79,8.04366514459665,16.67
1895-01-01,4.25,0.2083,0.1675,6.57,3.46,213.65985540334853,9.71,8.42071194824962,16.52
1895-02-01,4.19,0.2067,0.175,6.57,3.47,210.64348097412483,9.64,8.797758751902586,16.33
1895-03-01,4.19,0.205,0.1825,6.57,3.48,210.64348097412483,9.56,9.174805555555555,16.36
1895-04-01,4.37,0.2033,0.19,6.85,3.5,210.7124686131387,9.08,9.161411678832117,16.39
1895-05-01,4.61,0.2017,0.1975,6.95,3.51,219.08643597122304,8.89,9.386024100719425,17.08
1895-06-01,4.7,0.2,0.205,7.04,3.52,220.50811079545457,8.7,9.617906960227273,17.21
1895-07-01,4.72,0.1983,0.2125,6.95,3.53,224.31409496402878,8.74,10.098886690647483,17.55
1895-08-01,4.79,0.1967,0.22,6.85,3.54,230.9640102189781,8.79,10.607950364963505,18.07
1895-09-01,4.82,0.195,0.2275,6.85,3.55,232.41054890510952,8.71,10.969585036496353,18.2
1895-10-01,4.75,0.1933,0.235,6.85,3.56,229.03529197080294,8.64,11.331219708029197,17.94
1895-11-01,4.59,0.1917,0.2425,6.85,3.58,221.3204189781022,8.57,11.692854379562045,17.34
1895-12-01,4.32,0.19,0.25,6.76,3.59,211.07481656804737,8.61,12.214977810650888,16.55
1896-01-01,4.27,0.1892,0.2467,6.66,3.6,211.7644309309309,8.7,12.234727192192194,16.58
1896-02-01,4.45,0.1883,0.2433,6.57,3.58,223.71443683409436,8.78,12.231398310502282,17.52
1896-03-01,4.38,0.1875,0.24,6.57,3.57,220.19533333333334,8.74,12.065497716894976,17.23
1896-04-01,4.42,0.1867,0.2367,6.47,3.55,225.64065842349305,8.83,12.083516707882536,17.64
1896-05-01,4.4,0.1858,0.2333,6.37,3.53,228.14587127158558,8.92,12.096916310832025,17.83
1896-06-01,4.32,0.185,0.23,6.28,3.52,227.207923566879,9.02,12.096718152866243,17.78
1896-07-01,4.04,0.1842,0.2267,6.28,3.5,212.4814840764331,8.98,11.923156544585988,16.64
1896-08-01,3.81,0.1833,0.2233,6.28,3.48,200.38476592356687,8.94,11.744335493630572,15.7
1896-09-01,4.01,0.1825,0.22,6.28,3.47,210.90365127388532,8.9,11.570773885350318,16.54
1896-10-01,4.1,0.1817,0.2167,6.47,3.45,209.3046831530139,8.6,11.062518253477588,16.44
1896-11-01,4.38,0.1808,0.2133,6.66,3.43,217.21972072072072,8.31,10.578302837837837,17.09
1896-12-01,4.22,0.18,0.21,6.66,3.42,209.28475375375373,8.27,10.414644144144145,16.5
1897-01-01,4.22,0.18,0.2183,6.47,3.4,215.4306738794436,8.52,11.144198129829984,17.03
1897-02-01,4.18,0.18,0.2267,6.47,3.4,213.3886769706337,8.52,11.573017480680063,16.89
1897-03-01,4.19,0.18,0.235,6.47,3.39,213.89917619783623,8.52,11.996731839258114,16.96
1897-04-01,4.06,0.18,0.2433,6.37,3.39,210.51641758241757,8.64,12.615429654631082,16.7
1897-05-01,4.08,0.18,0.2517,6.28,3.38,214.5852611464968,8.77,13.238017213375795,17.05
1897-06-01,4.27,0.18,0.26,6.28,3.38,224.57820222929934,8.77,13.674550955414013,17.85
1897-07-01,4.46,0.18,0.2683,6.28,3.38,234.57114331210192,8.77,14.11108469745223,18.65
1897-08-01,4.75,0.18,0.2767,6.57,3.37,238.79630898021307,8.39,13.910513409436835,19.01
1897-09-01,4.98,0.18,0.285,6.76,3.37,243.32235798816572,8.16,13.925074704142013,19.37
1897-10-01,4.82,0.18,0.2933,6.66,3.36,239.0408798798799,8.27,14.545786321321323,19.03
1897-11-01,4.65,0.18,0.3017,6.66,3.36,230.60997747747749,8.27,14.962372087087088,18.36
1897-12-01,4.75,0.18,0.31,6.66,3.35,235.56933183183182,8.27,15.3739984984985,18.75
1898-01-01,4.88,0.1817,0.3133,6.66,3.35,242.0164924924925,8.35,15.537657192192194,19.25
1898-02-01,4.87,0.1833,0.3167,6.76,3.33,237.9477677514793,8.31,15.473933890532543,18.92
1898-03-01,4.65,0.185,0.32,6.76,3.31,227.19858727810652,8.38,15.635171597633136,18.04
1898-04-01,4.57,0.1867,0.3233,6.76,3.29,223.28979437869825,8.46,15.796409304733727,17.71
1898-05-01,4.87,0.1883,0.3267,7.23,3.27,222.4795172890733,7.97,14.924857966804977,17.6
1898-06-01,5.06,0.19,0.33,6.76,3.25,247.23115088757396,8.61,16.123770710059173,19.54
1898-07-01,5.08,0.1917,0.3333,6.66,3.23,251.93520120120118,8.81,16.52952806306306,19.86
1898-08-01,5.27,0.1933,0.3367,6.66,3.2,261.3579744744745,8.88,16.69814611111111,20.54
1898-09-01,5.26,0.195,0.34,6.66,3.18,260.862039039039,8.96,16.861804804804805,20.44
1898-10-01,5.15,0.1967,0.3433,6.66,3.16,255.40674924924926,9.04,17.025463498498496,19.95
1898-11-01,5.32,0.1983,0.3467,6.66,3.14,263.83765165165164,9.11,17.194081546546546,20.53
1898-12-01,5.65,0.2,0.35,6.76,3.12,276.0584985207101,9.06,17.100968934911243,21.4
1899-01-01,6.08,0.2008,0.3608,6.76,3.1,297.0682603550296,9.1,17.628655976331363,22.93
1899-02-01,6.31,0.2017,0.3717,6.95,3.1,299.8775294964029,8.89,17.664734978417265,23.05
1899-03-01,6.4,0.2025,0.3825,6.95,3.11,304.15470503597123,8.93,18.177996043165468,23.28
1899-04-01,6.48,0.2033,0.3933,7.04,3.11,304.0196931818182,8.84,18.45230637784091,23.15
1899-05-01,6.21,0.2042,0.4042,7.04,3.12,291.3522059659091,8.88,18.963697528409092,22.09
1899-06-01,6.07,0.205,0.415,7.14,3.12,280.7953095238096,8.79,19.197702380952382,21.21
1899-07-01,6.28,0.2058,0.4258,7.23,3.12,286.8935048409405,8.71,19.452110567081604,21.56
1899-08-01,6.44,0.2067,0.4367,7.33,3.13,290.18921145975446,8.64,19.677892646657572,21.73
1899-09-01,6.37,0.2075,0.4475,7.61,3.13,276.4739040735874,8.35,19.422617279894876,20.59
1899-10-01,6.34,0.2083,0.4583,7.71,3.14,271.60280415045395,8.27,19.63336989623865,20.15
1899-11-01,6.46,0.2092,0.4692,7.8,3.14,273.55035641025637,8.21,19.86839430769231,20.2
1899-12-01,6.02,0.21,0.48,7.9,3.15,251.69162784810123,8.14,20.068435443037973,18.51
1900-01-01,6.1,0.2175,0.48,7.9,3.15,255.0363670886076,8.43,20.068435443037973,18.67
1900-02-01,6.21,0.225,0.48,7.99,3.15,256.71082978723405,8.62,19.842382978723403,18.7
1900-03-01,6.26,0.2325,0.48,7.99,3.14,258.7777446808511,8.91,19.842382978723403,18.78
1900-04-01,6.34,0.24,0.48,7.99,3.14,262.0848085106383,9.19,19.842382978723403,18.94
1900-05-01,6.04,0.2475,0.48,7.8,3.13,255.76534871794874,9.71,20.325723076923076,18.4
1900-06-01,5.86,0.255,0.48,7.71,3.13,251.03981582360572,10.13,20.56298832684825,17.99
1900-07-01,5.86,0.2625,0.48,7.8,3.12,248.14320256410258,10.3,20.325723076923076,17.69
1900-08-01,5.94,0.27,0.48,7.71,3.12,254.4669805447471,10.72,20.56298832684825,18.07
1900-09-01,5.8,0.2775,0.48,7.8,3.12,245.60248717948718,10.89,20.325723076923076,17.34
1900-10-01,6.01,0.285,0.48,7.71,3.11,257.46574967574577,11.32,20.56298832684825,18.1
1900-11-01,6.48,0.2925,0.48,7.71,3.11,277.60034241245137,11.62,20.56298832684825,19.42
1900-12-01,6.87,0.3,0.48,7.61,3.1,298.17515243101184,12.07,20.833198423127463,20.74
1901-01-01,7.07,0.3017,0.4817,7.71,3.1,302.875682230869,11.98,20.635815577172504,20.98
1901-02-01,7.25,0.3033,0.4833,7.61,3.11,314.66810118265437,12.2,20.976426662286464,21.68
1901-03-01,7.51,0.305,0.485,7.61,3.11,325.9527503285151,12.27,21.050210906701707,22.35
1901-04-01,8.14,0.3067,0.4867,7.52,3.12,357.5246037234043,12.49,21.376808922872346,24.41
1901-05-01,7.73,0.3083,0.4883,7.52,3.13,339.51660771276596,12.56,21.447084029255322,23.06
1901-06-01,8.5,0.31,0.49,7.52,3.13,373.3365026595745,12.63,21.521751329787236,25.24
1901-07-01,7.93,0.3117,0.4917,7.61,3.14,344.18179894875163,12.54,21.3410076346912,23.14
1901-08-01,8.04,0.3133,0.4933,7.71,3.15,344.43005447470813,12.44,21.132754461738003,23.08
1901-09-01,8.0,0.315,0.495,7.8,3.15,338.7620512820513,12.36,20.960901923076925,22.59
1901-10-01,7.91,0.3167,0.4967,7.8,3.16,334.95097820512825,12.43,21.03288885897436,22.25
1901-11-01,8.08,0.3183,0.4983,7.9,3.17,337.8186632911392,12.34,20.8335445443038,22.38
1901-12-01,7.95,0.32,0.5,7.99,3.17,328.6394680851064,12.26,20.669148936170213,21.68
1902-01-01,8.12,0.3208,0.5108,7.9,3.18,339.4910329113924,12.44,21.356160050632916,22.34
1902-02-01,8.19,0.3217,0.5217,7.9,3.19,342.41767974683546,12.47,21.811880772151902,22.46
1902-03-01,8.2,0.3225,0.5325,7.9,3.2,342.8357721518987,12.5,22.26342056962025,22.41
1902-04-01,8.48,0.3233,0.5433,7.99,3.21,350.54876595744685,12.38,22.459097234042552,22.82
1902-05-01,8.46,0.3242,0.5542,8.09,3.22,345.39910754017313,12.27,22.626499456118665,22.43
1902-06-01,8.41,0.325,0.565,8.18,3.23,339.57996699266505,12.16,22.81363630806846,21.96
1902-07-01,8.6,0.3258,0.5758,8.18,3.24,347.2518092909536,12.19,23.24971997555012,22.39
1902-08-01,8.83,0.3267,0.5867,8.09,3.25,360.50521508034615,12.37,23.953387280593326,23.17
1902-09-01,8.85,0.3275,0.5975,8.18,3.26,357.3463386308068,12.25,24.12592512224939,22.86
1902-10-01,8.57,0.3283,0.6083,8.75,3.27,323.4984011428572,11.48,22.961969359999998,20.6
1902-11-01,8.24,0.3292,0.6192,8.47,3.28,321.32400472255017,11.9,24.146095112160566,20.41
1902-12-01,8.05,0.33,0.63,8.56,3.29,310.61432827102806,11.8,24.30894742990654,19.63
1903-01-01,8.46,0.3317,0.6217,8.66,3.3,322.66498614318715,11.73,23.711681073903,20.32
1903-02-01,8.41,0.3333,0.6133,8.66,3.31,320.7579826789838,11.78,23.39130449191686,20.11
1903-03-01,8.08,0.335,0.605,8.37,3.32,318.8491565113501,12.25,23.874225209080052,19.88
1903-04-01,7.75,0.3367,0.5967,8.37,3.33,305.82685185185187,12.31,23.546694516129033,18.98
1903-05-01,7.6,0.3383,0.5883,8.18,3.33,306.87369193154035,12.66,23.75444644254279,18.95
1903-06-01,7.18,0.34,0.58,8.18,3.34,289.9148826405868,12.72,23.41930806845966,17.82
1903-07-01,6.85,0.3417,0.5717,8.18,3.35,276.5901039119804,12.78,23.084169694376527,16.92
1903-08-01,6.63,0.3433,0.5633,8.18,3.36,267.7069180929096,12.84,22.744993508557457,16.3
1903-09-01,6.47,0.345,0.555,8.28,3.37,258.09126932367155,12.76,22.13920471014493,15.65
1903-10-01,6.26,0.3467,0.5467,8.18,3.37,252.76701466992665,12.97,22.074716760391198,15.25
1903-11-01,6.28,0.3483,0.5383,8.09,3.38,256.3955550061805,13.18,21.977345105067986,15.41
1903-12-01,6.57,0.35,0.53,8.09,3.39,268.2354771322621,13.25,21.638478368355997,16.04
1904-01-01,6.68,0.3467,0.5267,8.28,3.4,266.4682657004831,12.82,21.01030472222222,15.86
1904-02-01,6.5,0.3433,0.5233,8.47,3.41,253.4716056670602,12.41,20.406414037780397,15.02
1904-03-01,6.48,0.34,0.52,8.37,3.41,255.71070967741937,12.43,20.519995221027482,15.08
1904-04-01,6.64,0.3367,0.5167,8.28,3.42,264.8726473429952,12.45,20.611400132850246,15.57
1904-05-01,6.5,0.3333,0.5133,8.09,3.43,265.37756489493205,12.62,20.9566621631644,15.53
1904-06-01,6.51,0.33,0.51,8.09,3.43,265.78583807169343,12.49,20.821932014833127,15.47
1904-07-01,6.78,0.3267,0.5067,8.09,3.44,276.80921384425216,12.37,20.68720186650186,16.04
1904-08-01,7.01,0.3233,0.5033,8.18,3.45,283.05060268948654,12.1,20.322306466992664,16.3
1904-09-01,7.32,0.32,0.5,8.28,3.45,291.9981594202899,11.83,19.945229468599035,16.74
1904-10-01,7.75,0.3167,0.4967,8.28,3.46,309.15105676328506,11.71,19.81359095410628,17.63
1904-11-01,8.17,0.3133,0.4933,8.47,3.47,318.5943105076741,11.33,19.236545088547814,18.08
1904-12-01,8.25,0.31,0.49,8.47,3.47,321.71396103896103,11.21,19.10785950413223,18.16
1905-01-01,8.43,0.3117,0.505,8.47,3.48,328.73317473435657,11.27,19.692793978748522,18.46
1905-02-01,8.8,0.3133,0.52,8.47,3.48,343.16155844155844,11.33,20.277728453364816,19.17
1905-03-01,9.05,0.315,0.535,8.37,3.47,357.1268399044206,11.52,21.111918160095584,19.83
1905-04-01,8.94,0.3167,0.55,8.37,3.47,352.7860716845878,11.58,21.703841099163686,19.48
1905-05-01,8.5,0.3183,0.565,8.28,3.46,339.0689009661836,11.77,22.53810929951691,18.63
1905-06-01,8.6,0.32,0.58,8.28,3.46,343.05794685990344,11.83,23.136466183574882,18.74
1905-07-01,8.87,0.3217,0.595,8.28,3.46,353.82837077294687,11.9,23.734823067632853,19.21
1905-08-01,9.2,0.3233,0.61,8.37,3.45,363.0460692951016,11.82,24.071532855436086,19.57
1905-09-01,9.23,0.325,0.625,8.28,3.45,368.1889359903382,12.02,24.931536835748798,19.74
1905-10-01,9.36,0.3267,0.64,8.28,3.44,373.37469565217395,12.08,25.529893719806765,19.9
1905-11-01,9.31,0.3283,0.655,8.37,3.44,367.38683751493437,12.0,25.847301672640384,19.44
1905-12-01,9.54,0.33,0.67,8.47,3.43,372.0183258559622,11.93,26.127073199527743,19.58
1906-01-01,9.87,0.3358,0.6775,8.47,3.43,384.8868842975206,12.14,26.419540436835888,20.13
1906-02-01,9.8,0.3417,0.685,8.47,3.45,382.15719008264466,12.35,26.712007674144036,19.87
1906-03-01,9.56,0.3475,0.6925,8.47,3.47,372.79823848878397,12.56,27.00447491145218,19.26
1906-04-01,9.43,0.3533,0.7,8.47,3.49,367.7288063754427,12.77,27.296942148760326,18.88
1906-05-01,9.18,0.3592,0.7075,8.56,3.51,354.2160911214953,12.84,27.299333820093455,18.05
1906-06-01,9.3,0.365,0.715,8.56,3.53,358.8463668224299,13.05,27.588726051401867,18.17
1906-07-01,9.06,0.3708,0.7225,8.28,3.55,361.4075579710145,13.71,28.820856582125607,18.2
1906-08-01,9.73,0.3767,0.73,8.47,3.57,379.4274958677686,13.62,28.466811097992913,18.97
1906-09-01,10.03,0.3825,0.7375,8.56,3.59,387.01387733644856,13.67,28.456902745327103,19.2
1906-10-01,9.73,0.3883,0.745,8.75,3.61,367.285816,13.58,28.122089714285714,18.1
1906-11-01,9.93,0.3942,0.7525,8.85,3.63,370.5999423728814,13.64,28.084235310734464,18.14
1906-12-01,9.84,0.4,0.76,8.94,3.65,363.54397315436245,13.69,28.078599552572708,17.66
1907-01-01,9.56,0.4033,0.7517,8.85,3.67,356.79108248587573,13.95,28.054378316384184,17.22
1907-02-01,9.26,0.4067,0.7433,9.04,3.69,338.33110398230093,13.77,27.157830409292036,16.22
1907-03-01,8.35,0.41,0.735,8.94,3.7,308.4951398210291,14.03,27.154961409395973,14.69
1907-04-01,8.39,0.4133,0.7267,8.94,3.72,309.9729608501119,14.15,26.848313545861302,14.67
1907-05-01,8.1,0.4167,0.7183,9.13,3.74,293.03102957283676,13.97,25.985702289156627,13.79
1907-06-01,7.84,0.42,0.71,9.23,3.75,280.5522340195016,13.93,25.407153846153843,13.14
1907-07-01,8.14,0.4233,0.7017,9.23,3.77,291.2876511375948,14.04,25.110140639219935,13.59
1907-08-01,7.53,0.4267,0.6933,9.23,3.79,269.4589696641387,14.15,24.80954895991333,12.51
1907-09-01,7.45,0.43,0.685,9.23,3.8,266.5961917659805,14.26,24.512535752979414,12.33
1907-10-01,6.64,0.4333,0.6767,9.32,3.82,235.31604291845494,14.23,23.98168166309013,10.83
1907-11-01,6.25,0.4367,0.6683,8.94,3.84,230.90953579418348,14.95,24.69069484340045,10.59
1907-12-01,6.57,0.44,0.66,8.75,3.85,248.00285828571432,15.39,24.913529142857143,11.33
1908-01-01,6.85,0.4367,0.6533,8.66,3.87,261.2594745958429,15.44,24.916907263279445,11.9
1908-02-01,6.6,0.4333,0.6467,8.56,3.86,254.66516355140183,15.49,24.953327464953272,11.55
1908-03-01,6.87,0.43,0.64,8.56,3.85,265.0832838785047,15.37,24.694803738317756,11.98
1908-04-01,7.24,0.4267,0.6333,8.66,3.84,276.1341016166282,15.09,24.154105877598152,12.45
1908-05-01,7.63,0.4233,0.6267,8.66,3.83,291.00872863741336,14.97,23.902381420323326,13.08
1908-06-01,7.64,0.42,0.62,8.66,3.82,291.39012933025407,14.85,23.646842956120093,13.05
1908-07-01,7.92,0.4167,0.6133,8.75,3.81,298.9623497142857,14.57,23.150708217142856,13.35
1908-08-01,8.26,0.4133,0.6067,8.75,3.81,311.796592,14.45,22.901572925714287,13.88
1908-09-01,8.17,0.41,0.6,8.75,3.8,308.3992925714286,14.34,22.64866285714286,13.7
1908-10-01,8.27,0.4067,0.5933,8.85,3.79,308.6466790960452,14.07,22.14269343502825,13.69
1908-11-01,8.83,0.4033,0.5867,8.94,3.78,326.2289921700224,13.8,21.67593994407159,14.44
1908-12-01,9.03,0.4,0.58,9.04,3.77,329.92763163716813,13.55,21.19136504424779,14.58
1909-01-01,9.06,0.4033,0.595,8.94,3.76,334.72646308724836,13.8,21.982587807606265,14.76
1909-02-01,8.8,0.4067,0.61,9.04,3.77,321.52415929203545,13.77,22.287470132743366,14.17
1909-03-01,8.92,0.41,0.625,9.04,3.78,325.90857964601776,13.89,22.835522676991154,14.34
1909-04-01,9.32,0.4133,0.64,9.23,3.8,333.51362513542796,13.71,22.902223185265438,14.65
1909-05-01,9.63,0.4167,0.655,9.32,3.81,341.2791405579399,13.68,23.212651824034335,14.95
1909-06-01,9.8,0.42,0.67,9.42,3.82,343.61692144373677,13.65,23.49217728237792,15.04
1909-07-01,9.94,0.4233,0.685,9.42,3.83,348.5257346072187,13.76,24.018121549893845,15.23
1909-08-01,10.18,0.4267,0.7,9.51,3.85,353.5628538380652,13.73,24.31178759200841,15.42
1909-09-01,10.19,0.43,0.715,9.61,3.86,350.22743704474505,13.7,24.574349115504685,15.25
1909-10-01,10.23,0.4333,0.73,9.8,3.87,344.78544795918367,13.54,24.603458163265305,14.99
1909-11-01,10.18,0.4367,0.745,9.9,3.88,339.6346202020202,13.51,24.855382323232323,14.75
1909-12-01,10.3,0.44,0.76,9.99,3.9,340.54233233233236,13.48,25.127395395395396,14.75
1910-01-01,10.08,0.4425,0.7575,9.9,3.91,336.29832727272725,13.69,25.272418939393937,14.55
1910-02-01,9.72,0.445,0.755,9.9,3.92,324.28767272727276,13.77,25.189011616161615,14.0
1910-03-01,9.96,0.4475,0.7525,10.09,3.92,326.03749058473744,13.58,24.63285257680872,14.05
1910-04-01,9.72,0.45,0.75,10.18,3.93,315.3681689587427,13.53,24.333963654223968,13.56
1910-05-01,9.56,0.4525,0.7475,9.99,3.93,316.0761841841842,13.87,24.714115865865868,13.57
1910-06-01,9.1,0.455,0.745,9.9,3.94,303.60265656565656,14.08,24.855382323232323,13.02
1910-07-01,8.64,0.4575,0.7425,9.9,3.95,288.25570909090914,14.15,24.771975,12.34
1910-08-01,8.85,0.46,0.74,9.8,3.95,298.2748010204081,14.37,24.940491836734694,12.75
1910-09-01,8.91,0.4625,0.7375,9.7,3.96,303.3928484536083,14.59,25.112483247422684,12.94
1910-10-01,9.32,0.465,0.735,9.42,3.96,326.78670488322723,15.11,25.771269108280254,13.92
1910-11-01,9.31,0.4675,0.7325,9.23,3.97,333.1557778981582,15.51,26.212310130010835,14.16
1910-12-01,9.05,0.47,0.73,9.23,3.97,323.8517497291441,15.59,26.12284832069339,13.74
1911-01-01,9.27,0.47,0.7183,9.23,3.98,331.72438894907907,15.59,25.704167053087758,14.05
1911-02-01,9.43,0.47,0.7067,8.94,3.98,348.396307606264,16.09,26.109403031319914,14.72
1911-03-01,9.32,0.47,0.695,9.04,3.98,340.5233141592921,15.92,25.39310121681416,14.37
1911-04-01,9.28,0.47,0.6833,8.75,3.99,350.29931885714285,16.44,25.793052217142858,14.75
1911-05-01,9.48,0.47,0.6717,8.75,3.99,357.8488731428572,16.44,25.35517806857143,15.05
1911-06-01,9.67,0.47,0.66,8.75,3.99,365.0209497142857,16.44,24.913529142857143,15.33
1911-07-01,9.63,0.47,0.6483,8.85,4.0,359.40356949152545,16.26,24.19536179661017,15.08
1911-08-01,9.17,0.47,0.6367,9.13,4.0,331.7400668127053,15.75,23.03368599123768,13.9
1911-09-01,8.67,0.47,0.625,9.23,4.0,310.25355471289276,15.59,22.36545232936078,13.0
1911-10-01,8.72,0.47,0.6133,9.23,4.0,312.0427908992416,15.59,21.946771061755143,13.07
1911-11-01,9.07,0.47,0.6017,9.13,4.0,328.122399780942,15.75,21.76750253012048,13.73
1911-12-01,9.11,0.47,0.59,9.04,4.01,332.850578539823,15.92,21.556733407079648,13.93
1912-01-01,9.12,0.4708,0.5992,9.13,4.01,329.9312332968236,15.78,21.677060854326392,13.79
1912-02-01,9.04,0.4717,0.6083,9.23,4.05,323.4939024918743,15.65,21.767847443120257,13.53
1912-03-01,9.3,0.4725,0.6175,9.42,4.08,326.0854458598726,15.36,21.65137234607219,13.64
1912-04-01,9.59,0.4733,0.6267,9.7,4.12,326.54740927835053,14.93,21.339651865979384,13.65
1912-05-01,9.58,0.4742,0.6358,9.7,4.16,326.20690103092784,14.96,21.649514371134025,13.65
1912-06-01,9.58,0.475,0.645,9.61,4.19,329.2619084287201,15.13,22.16846878251821,13.79
1912-07-01,9.59,0.4758,0.6542,9.61,4.23,329.60560561914673,15.16,22.48467019771072,13.8
1912-08-01,9.81,0.4767,0.6633,9.7,4.27,334.03859072164954,15.04,22.585912051546394,13.98
1912-09-01,9.86,0.4775,0.6725,9.8,4.3,332.3152020408163,14.92,22.665514540816325,13.93
1912-10-01,9.84,0.4783,0.6817,9.8,4.34,331.6411346938776,14.94,22.975585520408163,13.91
1912-11-01,9.73,0.4792,0.6908,9.8,4.38,327.9337642857143,14.97,23.282286163265304,13.75
1912-12-01,9.38,0.48,0.7,9.7,4.41,319.39673608247426,15.14,23.835577319587628,13.39
1913-01-01,9.3,0.48,0.6942,9.8,4.45,313.4413163265306,14.99,23.3968776122449,13.15
1913-02-01,8.97,0.48,0.6883,9.8,4.43,302.3192051020408,14.99,23.19802774489796,12.68
1913-03-01,8.8,0.48,0.6825,9.8,4.4,296.58963265306124,14.99,23.002548214285714,12.44
1913-04-01,8.79,0.48,0.6767,9.8,4.38,296.25259897959177,14.99,22.807068683673467,12.43
1913-05-01,8.55,0.48,0.6708,9.7,4.35,291.13455154639183,15.15,22.841293237113405,12.22
1913-06-01,8.12,0.48,0.665,9.8,4.33,273.6713428571428,14.99,22.412739285714284,11.49
1913-07-01,8.23,0.48,0.6592,9.9,4.3,274.5769080808081,14.84,21.99284298989899,11.53
1913-08-01,8.45,0.48,0.6533,9.9,4.28,281.9167525252525,14.84,21.796001707070708,11.85
1913-09-01,8.53,0.48,0.6475,10.0,4.26,281.73992899999996,14.69,21.38647175,11.84
1913-10-01,8.26,0.48,0.6417,10.0,4.23,272.82201799999996,14.69,21.19490181,11.47
1913-11-01,8.05,0.48,0.6358,10.1,4.21,263.2533316831683,14.55,20.79210786138614,11.07
1913-12-01,8.04,0.48,0.63,10.0,4.18,265.555572,14.69,20.808459,11.17
1914-01-01,8.37,0.475,0.6208,10.0,4.16,276.455241,14.54,20.50458944,11.64
1914-02-01,8.48,0.47,0.6117,9.9,4.17,282.9176404040404,14.53,20.40810384848485,11.91
1914-03-01,8.32,0.465,0.6025,9.9,4.17,277.57957171717175,14.38,20.1011648989899,11.69
1914-04-01,8.12,0.46,0.5933,9.8,4.18,273.6713428571428,14.37,19.996207846938777,11.52
1914-05-01,8.17,0.455,0.5842,9.9,4.19,272.5751323232323,14.07,19.490623292929293,11.48
1914-06-01,8.13,0.45,0.575,9.9,4.19,271.24061515151516,13.91,19.183684343434344,11.43
1914-07-01,7.68,0.445,0.5658,10.0,4.2,253.665024,13.62,18.68797794,10.69
1914-08-01,7.68,0.44,0.5567,10.2,4.21,248.6912,13.21,18.026873833333333,10.49
1914-09-01,7.68,0.435,0.5475,10.2,4.21,248.6912,13.06,17.7289625,10.5
1914-10-01,7.68,0.43,0.5383,10.1,4.22,251.1534891089109,13.03,17.603635831683167,10.61
1914-11-01,7.68,0.425,0.5292,10.2,4.23,248.6912,12.76,17.136378,10.52
1914-12-01,7.35,0.42,0.52,10.1,4.23,240.3617376237624,12.73,17.005184158415844,10.17
1915-01-01,7.48,0.4208,0.55,10.1,4.24,244.61303366336637,12.75,17.98625247524753,10.36
1915-02-01,7.38,0.4217,0.58,10.0,4.22,243.756234,12.91,19.156994,10.33
1915-03-01,7.57,0.4225,0.61,9.9,4.21,252.55737474747474,13.06,20.35138686868687,10.71
1915-04-01,8.14,0.4233,0.64,10.0,4.19,268.85850200000004,12.96,21.138752,11.4
1915-05-01,7.95,0.4242,0.67,10.1,4.18,259.983103960396,12.86,21.910525742574258,11.03
1915-06-01,8.04,0.425,0.7,10.1,4.16,262.92630891089107,12.88,22.89159405940594,11.15
1915-07-01,8.01,0.4258,0.73,10.1,4.14,261.9452405940594,12.91,23.872662376237624,11.11
1915-08-01,8.35,0.4267,0.76,10.1,4.13,273.0640148514852,12.93,24.85373069306931,11.58
1915-09-01,8.66,0.4275,0.79,10.1,4.11,283.2017207920792,12.96,25.83479900990099,12.01
1915-10-01,9.14,0.4283,0.82,10.2,4.1,295.96843333333334,12.85,26.55296666666667,12.55
1915-11-01,9.46,0.4292,0.85,10.3,4.08,303.35648349514565,12.76,27.25718932038835,12.86
1915-12-01,9.48,0.43,0.88,10.3,4.07,303.9978291262136,12.78,28.21920776699029,12.88
1916-01-01,9.33,0.4408,0.9342,10.4,4.05,296.31093173076925,12.98,29.669203903846153,12.54
1916-02-01,9.2,0.4517,0.9883,10.4,4.06,292.18226923076924,13.3,31.387362682692306,12.35
1916-03-01,9.17,0.4625,1.042,10.5,4.08,288.4558866666667,13.48,32.77764819047619,12.18
1916-04-01,9.07,0.4733,1.097,10.6,4.09,282.61863301886797,13.67,34.18220952830188,11.91
1916-05-01,9.27,0.4842,1.151,10.7,4.11,286.151038317757,13.85,35.52964887850468,12.03
1916-06-01,9.36,0.495,1.205,10.8,4.12,286.2539333333333,14.03,36.85213564814815,12.0
1916-07-01,9.23,0.5058,1.259,10.8,4.14,282.27818425925926,14.34,38.503600648148144,11.79
1916-08-01,9.3,0.5167,1.313,10.9,4.16,281.809623853211,14.51,39.786670550458716,11.73
1916-09-01,9.68,0.5275,1.368,11.1,4.17,288.0393009009009,14.55,40.70638054054054,11.94
1916-10-01,9.98,0.5383,1.422,11.3,4.19,291.71010088495575,14.58,41.56430495575221,12.05
1916-11-01,10.21,0.5492,1.476,11.5,4.2,293.24274173913045,14.62,42.39238852173913,12.05
1916-12-01,9.8,0.56,1.53,11.6,4.21,279.04063793103455,14.78,43.56450775862069,11.41
1917-01-01,9.57,0.5708,1.509,11.7,4.23,270.16273589743594,14.93,42.59932794871795,10.99
1917-02-01,9.03,0.5817,1.488,12.0,4.26,248.54548249999996,14.84,40.956331999999996,10.06
1917-03-01,9.31,0.5925,1.468,12.0,4.29,256.2523191666667,15.12,40.40584366666666,10.33
1917-04-01,9.17,0.6033,1.447,12.6,4.32,240.37990555555558,14.66,37.931267539682544,9.64
1917-05-01,8.86,0.6142,1.426,12.8,4.34,228.62468593749998,14.69,36.79670453125,9.14
1917-06-01,9.04,0.625,1.405,13.0,4.37,229.68067076923077,14.72,35.697051153846154,9.15
1917-07-01,8.79,0.6358,1.384,12.8,4.4,226.81839609374995,15.21,35.71293062499999,9.0
1917-08-01,8.53,0.6467,1.363,13.0,4.43,216.7230223076923,15.23,34.629950692307695,8.57
1917-09-01,8.12,0.6575,1.343,13.3,4.46,201.65256842105262,15.13,33.35214278195489,7.95
1917-10-01,7.68,0.6683,1.322,13.5,4.49,187.90001777777778,15.15,32.344247851851854,7.39
1917-11-01,7.04,0.6792,1.301,13.5,4.51,172.24168296296298,15.4,31.830458740740738,6.75
1917-12-01,6.8,0.69,1.28,13.7,4.54,163.94105109489053,15.42,30.85949197080292,6.41
1918-01-01,7.21,0.68,1.256,14.0,4.57,170.100895,14.87,29.63200057142857,6.64
1918-02-01,7.43,0.67,1.232,14.1,4.56,174.0480134751773,14.55,28.85964368794326,6.78
1918-03-01,7.28,0.66,1.208,14.0,4.56,171.75236,14.43,28.499567428571428,6.69
1918-04-01,7.21,0.65,1.183,14.2,4.55,167.7051077464789,14.01,27.516663309859158,6.52
1918-05-01,7.44,0.64,1.159,14.5,4.55,169.47447724137933,13.51,26.400661172413795,6.58
1918-06-01,7.45,0.63,1.135,14.7,4.54,167.3933911564626,13.12,25.502214625850343,6.5
1918-07-01,7.51,0.62,1.111,15.1,4.54,164.27155165562914,12.57,24.301690264900664,6.37
1918-08-01,7.58,0.61,1.087,15.4,4.53,162.57278831168833,12.13,23.313538376623374,6.3
1918-09-01,7.54,0.6,1.063,15.7,4.52,158.62479108280255,11.7,22.363150254777068,6.15
1918-10-01,7.86,0.59,1.038,16.0,4.52,162.25643625,11.29,21.427758375,6.29
1918-11-01,8.06,0.58,1.014,16.3,4.51,163.32279631901844,10.89,20.547061472392638,6.33
1918-12-01,7.9,0.57,0.99,16.5,4.51,158.14028484848487,10.58,19.81758,6.13
1919-01-01,7.85,0.5667,0.985,16.5,4.5,157.13939696969695,10.51,19.717491212121214,6.1
1919-02-01,7.88,0.5633,0.98,16.2,4.54,160.66103950617287,10.64,19.980687654320988,6.24
1919-03-01,8.12,0.56,0.975,16.4,4.58,163.53531463414635,10.45,19.636321646341468,6.36
1919-04-01,8.39,0.5567,0.97,16.7,4.62,165.93762095808387,10.2,19.184683233532933,6.46
1919-05-01,8.97,0.5533,0.965,16.9,4.66,175.30936153846156,10.02,18.859925739644975,6.83
1919-06-01,9.21,0.55,0.96,16.9,4.7,179.9999130177515,9.96,18.762205917159765,7.02
1919-07-01,9.51,0.5467,0.955,17.4,4.73,180.52220862068967,9.62,18.128150287356323,7.05
1919-08-01,8.87,0.5433,0.95,17.7,4.77,165.51971242937853,9.4,17.727590395480227,6.48
1919-09-01,9.01,0.54,0.945,17.8,4.81,167.18763651685393,9.29,17.535218258426966,6.56
1919-10-01,9.47,0.5367,0.94,18.1,4.85,172.81075745856353,9.08,17.15333812154696,6.79
1919-11-01,9.19,0.5333,0.935,18.5,4.89,164.07527945945944,8.82,16.693186756756756,6.47
1919-12-01,8.92,0.53,0.93,18.9,4.93,155.88431534391538,8.58,16.2525126984127,6.16
1920-01-01,8.83,0.5283,0.9192,19.3,4.97,151.11332590673575,8.38,15.730845886010362,5.99
1920-02-01,8.1,0.5267,0.9083,19.5,4.98,137.19863076923076,8.27,15.384878558974359,5.46
1920-03-01,8.67,0.525,0.8975,19.7,4.99,145.36245228426398,8.16,15.047612563451779,5.8
1920-04-01,8.6,0.5233,0.8867,20.3,5.0,139.92708374384236,7.89,14.42713315763547,5.6
1920-05-01,8.06,0.5217,0.8758,20.6,5.01,129.2311446601942,7.75,14.04226259223301,5.19
1920-06-01,7.92,0.52,0.865,20.9,5.02,125.16366315789475,7.62,13.670021291866028,5.04
1920-07-01,7.91,0.5183,0.8542,20.8,5.03,125.60661682692309,7.63,13.564244259615382,5.08
1920-08-01,7.6,0.5167,0.8433,20.3,5.04,123.65649261083743,7.79,13.720989502463055,5.02
1920-09-01,7.87,0.515,0.8325,20.0,5.05,129.9702955,7.88,13.748446125000001,5.3
1920-10-01,7.88,0.5133,0.8217,19.9,5.06,130.78938894472364,7.9,13.638279301507538,5.35
1920-11-01,7.48,0.5117,0.8108,19.8,5.07,124.77735555555556,7.91,13.525331535353535,5.13
1920-12-01,6.81,0.51,0.8,19.4,5.08,115.94305824742268,8.05,13.620329896907217,4.78
1921-01-01,7.11,0.5058,0.7575,19.0,5.09,123.59911736842108,8.15,13.168260394736842,5.12
1921-02-01,7.06,0.5017,0.715,18.4,5.02,126.73198804347827,8.35,12.834755163043479,5.27
1921-03-01,6.88,0.4975,0.6725,18.3,4.96,124.17572896174863,8.32,12.137816530054645,5.19
1921-04-01,6.91,0.4933,0.63,18.1,4.89,126.09528342541437,8.34,11.496386187845303,5.3
1921-05-01,7.12,0.4892,0.5875,17.7,4.83,132.86362485875708,8.46,10.963115112994352,5.61
1921-06-01,6.55,0.485,0.545,17.6,4.76,122.92154261363636,8.44,10.227823011363636,5.22
1921-07-01,6.53,0.4808,0.5025,17.7,4.7,121.8538581920904,8.32,9.376962288135593,5.2
1921-08-01,6.45,0.4767,0.46,17.7,4.63,120.36100847457628,8.24,8.583885875706216,5.16
1921-09-01,6.61,0.4725,0.4175,17.5,4.56,124.75638457142857,8.27,7.879847285714285,5.38
1921-10-01,6.7,0.4683,0.375,17.5,4.5,126.45503428571428,8.19,7.077707142857143,5.48
1921-11-01,7.06,0.4642,0.3325,17.4,4.43,134.0154356321839,8.17,6.311633477011495,5.84
1921-12-01,7.31,0.46,0.29,17.3,4.37,139.5631115606936,8.14,5.536703468208092,6.11
1922-01-01,7.3,0.4642,0.3233,16.9,4.3,142.67094082840237,8.41,6.318563721893491,6.29
1922-02-01,7.46,0.4683,0.3567,16.9,4.3,145.797975147929,8.48,6.971332136094675,6.46
1922-03-01,7.74,0.4725,0.39,16.7,4.31,153.0819053892216,8.66,7.713429341317365,6.82
1922-04-01,8.21,0.4767,0.4233,16.7,4.31,162.37757664670661,8.74,8.372037538922157,7.27
1922-05-01,8.53,0.4808,0.4567,16.7,4.32,168.70654431137723,8.81,9.032623538922156,7.59
1922-06-01,8.45,0.485,0.49,16.7,4.33,167.12430239520958,8.89,9.691231736526946,7.56
1922-07-01,8.51,0.4892,0.5233,16.8,4.33,167.30913273809523,8.91,10.288233744047618,7.6
1922-08-01,8.83,0.4933,0.5567,16.6,4.33,175.69199939759037,9.1,11.076753801204818,8.02
1922-09-01,9.06,0.4975,0.59,16.6,4.34,180.26834819277107,9.17,11.739329518072289,8.27
1922-10-01,9.26,0.5017,0.6233,16.7,4.34,183.14450179640718,9.2,12.327642329341318,8.43
1922-11-01,8.8,0.5058,0.6567,16.8,4.35,173.01061904761906,9.22,12.91091744642857,8.0
1922-12-01,8.78,0.51,0.69,16.9,4.35,171.59600828402367,9.24,13.48533550295858,7.96
1923-01-01,8.9,0.5117,0.7142,16.8,4.36,174.9766488095238,9.32,14.04138455952381,8.15
1923-02-01,9.28,0.5133,0.7383,16.8,4.33,182.4475619047619,9.35,14.515197732142855,8.53
1923-03-01,9.43,0.515,0.7625,16.8,4.31,185.39660654761903,9.38,14.99097693452381,8.7
1923-04-01,9.1,0.5167,0.7867,16.9,4.29,177.85007692307693,9.36,15.375236869822487,8.37
1923-05-01,8.67,0.5183,0.8108,16.9,4.26,169.44617218934914,9.39,15.846246414201186,8.0
1923-06-01,8.34,0.52,0.835,17.0,4.23,162.03786,9.36,16.223215,7.67
1923-07-01,8.06,0.5217,0.8592,17.2,4.21,154.77683604651165,9.29,16.49928753488372,7.35
1923-08-01,8.1,0.5233,0.8833,17.1,4.18,156.4545789473684,9.37,17.06127525730994,7.44
1923-09-01,8.15,0.525,0.9075,17.2,4.16,156.50511337209304,9.34,17.42679636627907,7.46
1923-10-01,8.03,0.5267,0.9317,17.3,4.13,153.3094098265896,9.32,17.78809179768786,7.32
1923-11-01,8.27,0.5283,0.9558,17.3,4.11,157.8915092485549,9.35,18.248210947976876,7.55
1923-12-01,8.55,0.53,0.98,17.3,4.08,163.23729190751448,9.38,18.710239306358382,7.81
1924-01-01,8.83,0.5317,0.9758,17.3,4.06,168.583074566474,9.41,18.63005256647399,8.07
1924-02-01,8.87,0.5333,0.9717,17.2,4.04,170.33133197674417,9.49,18.659634191860466,8.16
1924-03-01,8.7,0.535,0.9675,17.1,4.03,168.04380701754383,9.58,18.687630263157896,8.06
1924-04-01,8.5,0.5367,0.9633,17.0,4.01,165.1465,9.66,18.715955700000002,7.92
1924-05-01,8.47,0.5383,0.9592,17.0,3.99,164.56363000000002,9.69,18.6362968,7.9
1924-06-01,8.63,0.54,0.955,17.0,3.98,167.67227000000003,9.72,18.554695000000002,8.05
1924-07-01,9.03,0.5417,0.9508,17.1,3.96,174.41788245614032,9.7,18.365063415204677,8.38
1924-08-01,9.34,0.5433,0.9467,17.0,3.94,181.46686,9.78,18.3934343,8.72
1924-09-01,9.25,0.545,0.9425,17.1,3.93,178.66726608187133,9.76,18.204745760233916,8.58
1924-10-01,9.13,0.5467,0.9383,17.2,3.91,175.3241331395349,9.73,18.018251273255814,8.42
1924-11-01,9.64,0.5483,0.9342,17.2,3.89,185.11770465116282,9.76,17.939518639534885,8.89
1924-12-01,10.16,0.55,0.93,17.3,3.88,193.9755421965318,9.73,17.755635260115607,9.31
1925-01-01,10.58,0.5542,0.9567,17.3,3.86,201.9942161849711,9.81,18.265393820809248,9.69
1925-02-01,10.67,0.5583,0.9833,17.2,3.85,204.8968784883721,9.94,18.88238993604651,9.83
1925-03-01,10.39,0.5625,1.01,17.3,3.83,198.36672080924856,9.95,19.283001734104047,9.52
1925-04-01,10.28,0.5667,1.037,17.2,3.81,197.40767674418603,10.09,19.913595406976743,9.48
1925-05-01,10.61,0.5708,1.063,17.3,3.8,202.56697861271675,10.1,20.294882023121385,9.73
1925-06-01,10.8,0.575,1.09,17.5,3.79,203.83796571428573,10.06,20.57253542857143,9.8
1925-07-01,11.1,0.5792,1.117,17.7,3.77,207.13289830508475,10.02,20.84391418079096,9.96
1925-08-01,11.25,0.5833,1.143,17.7,3.76,209.93199152542374,10.09,21.32909033898305,10.11
1925-09-01,11.51,0.5875,1.17,17.7,3.74,214.78375310734464,10.16,21.83292711864407,10.36
1925-10-01,11.89,0.5917,1.197,17.7,3.73,221.87478926553675,10.23,22.336763898305087,10.72
1925-11-01,12.26,0.5958,1.223,18.0,3.71,224.9662322222222,10.13,22.441574388888892,10.89
1925-12-01,12.46,0.6,1.25,17.9,3.7,229.91345139664807,10.26,23.06515363128492,11.15
1926-01-01,12.65,0.6075,1.249,17.9,3.68,233.4193547486034,10.39,23.046701508379893,11.34
1926-02-01,12.67,0.615,1.248,17.9,3.65,233.78839720670393,10.52,23.02824938547486,11.39
1926-03-01,11.81,0.6225,1.248,17.8,3.62,219.14383876404494,10.71,23.15762157303371,10.71
1926-04-01,11.48,0.63,1.247,17.9,3.6,211.8303709497207,10.77,23.009797262569837,10.4
1926-05-01,11.56,0.6375,1.246,17.8,3.57,214.50489213483147,10.96,23.12051,10.58
1926-06-01,12.11,0.645,1.245,17.7,3.54,225.98012598870056,11.16,23.232473728813563,11.2
1926-07-01,12.62,0.6525,1.244,17.5,3.51,238.18843771428573,11.41,23.47911382857143,11.87
1926-08-01,13.12,0.66,1.243,17.4,3.48,249.04851494252875,11.61,23.59506890804598,12.49
1926-09-01,13.32,0.6675,1.242,17.5,3.45,251.40015771428574,11.68,23.441366057142858,12.69
1926-10-01,13.02,0.675,1.242,17.6,3.42,244.34175340909087,11.74,23.308176477272724,12.43
1926-11-01,13.19,0.6825,1.241,17.7,3.4,246.13359717514123,11.8,23.157831242937856,12.62
1926-12-01,13.49,0.69,1.24,17.7,3.37,251.73178361581924,11.93,23.139170621468928,13.01
1927-01-01,13.4,0.6967,1.229,17.5,3.34,252.91006857142855,12.19,23.196005542857147,13.19
1927-02-01,13.66,0.7033,1.218,17.4,3.34,259.29898735632185,12.37,23.120510000000003,13.63
1927-03-01,13.87,0.71,1.208,17.3,3.34,264.80716242774565,12.56,23.063233757225433,14.03
1927-04-01,14.21,0.7167,1.197,17.3,3.34,271.2984699421965,12.68,22.853220867052023,14.49
1927-05-01,14.7,0.7233,1.186,17.4,3.34,279.0406379310345,12.73,22.51307459770115,15.0
1927-06-01,14.89,0.73,1.175,17.6,3.34,279.4353846590909,12.7,22.050811079545454,15.12
1927-07-01,15.22,0.7367,1.164,17.3,3.33,290.58147167630057,13.04,22.22318219653179,15.82
1927-08-01,16.03,0.7433,1.153,17.2,3.33,307.8253947674419,13.23,22.141152848837212,16.86
1927-09-01,16.94,0.75,1.143,17.3,3.33,323.41985086705205,13.27,21.822248497109825,17.82
1927-10-01,16.68,0.7567,1.132,17.4,3.33,316.6257034482759,13.31,21.48802735632184,17.54
1927-11-01,17.06,0.7633,1.121,17.3,3.33,325.7109005780346,13.51,21.402222716763006,18.13
1927-12-01,17.46,0.77,1.11,17.3,3.33,333.3477329479769,13.63,21.192209826589597,18.65
1928-01-01,17.53,0.7767,1.133,17.3,3.33,334.6841786127168,13.74,21.631327687861273,18.81
1928-02-01,17.32,0.7833,1.155,17.1,3.35,334.54238362573096,14.02,22.30926403508772,18.87
1928-03-01,18.25,0.79,1.177,17.1,3.38,352.50568713450286,14.14,22.734202397660816,19.94
1928-04-01,19.4,0.7967,1.2,17.1,3.4,374.7183742690058,14.26,23.178456140350875,21.26
1928-05-01,20.0,0.8033,1.222,17.2,3.42,384.0616279069768,14.3,23.46616546511628,21.83
1928-06-01,19.02,0.81,1.245,17.1,3.44,367.3785298245613,14.5,24.047648245614038,20.91
1928-07-01,19.16,0.8167,1.268,17.1,3.46,370.08268304093565,14.62,24.491901988304093,21.08
1928-08-01,19.78,0.8233,1.29,17.1,3.49,382.0582187134503,14.74,24.91684035087719,21.76
1928-09-01,21.17,0.83,1.312,17.3,3.51,404.1793531791908,14.69,25.048810173410406,23.0
1928-10-01,21.6,0.8367,1.335,17.2,3.53,414.7865581395349,14.89,25.6361136627907,23.58
1928-11-01,23.06,0.8433,1.357,17.2,3.56,442.82305697674417,15.01,26.058581453488372,25.12
1928-12-01,23.15,0.85,1.38,17.1,3.58,447.1510497076023,15.22,26.655224561403504,25.3
1929-01-01,24.86,0.86,1.399,17.1,3.6,480.18034970760226,15.4,27.02221678362573,27.08
1929-02-01,24.99,0.87,1.418,17.1,3.57,482.6913491228069,15.57,27.38920900584795,27.13
1929-03-01,25.43,0.88,1.438,17.0,3.55,494.0794700000001,15.85,27.938902,27.68
1929-04-01,25.28,0.89,1.457,16.9,3.52,494.0714224852071,16.12,28.475556272189355,27.57
1929-05-01,25.66,0.9,1.476,17.0,3.5,498.54814000000005,16.21,28.677204,27.7
1929-06-01,26.15,0.91,1.495,17.1,3.47,505.0971900584795,16.29,28.8764932748538,27.94
1929-07-01,28.48,0.92,1.514,17.3,3.45,543.7424647398844,16.28,28.905410520231214,29.93
1929-08-01,30.1,0.93,1.533,17.3,3.42,574.6716358381503,16.46,29.268160057803467,31.48
1929-09-01,31.3,0.94,1.552,17.3,3.39,597.5821329479769,16.63,29.63090959537572,32.56
1929-10-01,27.99,0.95,1.572,17.3,3.37,534.3873450867052,16.81,30.012751213872832,28.96
1929-11-01,20.58,0.96,1.591,17.3,3.34,392.915025433526,16.99,30.375500751445088,21.17
1929-12-01,21.4,0.97,1.61,17.2,3.32,410.94594186046515,17.26,30.91696104651163,22.01
1930-01-01,21.71,0.9708,1.557,17.1,3.29,419.3369023391813,17.38,30.07404684210526,22.31
1930-02-01,23.07,0.9717,1.503,17.0,3.29,448.22703,17.5,29.201786999999996,23.7
1930-03-01,23.94,0.9725,1.45,16.9,3.3,467.88251005917164,17.62,28.338748520710062,24.59
1930-04-01,25.46,0.9733,1.397,17.0,3.3,494.66234000000003,17.53,27.142313,25.84
1930-05-01,23.94,0.9742,1.343,16.9,3.31,467.88251005917164,17.65,26.24754431952663,24.31
1930-06-01,21.52,0.975,1.29,16.8,3.31,423.08960476190475,17.77,25.361783928571427,21.87
1930-07-01,21.06,0.9758,1.237,16.6,3.32,419.0343722891566,18.0,24.61279765060241,21.55
1930-08-01,20.79,0.9767,1.183,16.5,3.32,416.16918,18.12,23.681007212121212,21.3
1930-09-01,20.78,0.9775,1.13,16.6,3.32,413.46316506024095,18.03,22.483800602409637,21.07
1930-10-01,17.92,0.9783,1.077,16.5,3.33,358.7182157575758,18.15,21.559124909090908,18.21
1930-11-01,16.62,0.9792,1.023,16.4,3.33,334.72375975609765,18.28,20.60303286585366,16.94
1930-12-01,15.51,0.98,0.97,16.1,3.34,318.1890950310559,18.63,19.899640372670806,16.06
1931-01-01,15.98,0.9667,0.94,15.9,3.34,331.9548515723271,18.61,19.526755974842764,16.71
1931-02-01,17.2,0.9533,0.91,15.7,3.37,361.84965605095545,18.59,19.14437133757962,18.16
1931-03-01,17.53,0.94,0.88,15.6,3.4,371.15617243589753,18.45,18.631912820512824,18.58
1931-04-01,15.86,0.9267,0.85,15.5,3.42,337.9643212903226,18.3,18.11284193548387,16.87
1931-05-01,14.33,0.9133,0.82,15.3,3.45,309.35285555555555,18.27,17.701977777777778,15.4
1931-06-01,13.87,0.9,0.79,15.1,3.48,303.388338410596,18.25,17.280229801324502,15.06
1931-07-01,14.33,0.8867,0.76,15.1,3.51,313.4502443708609,17.98,16.624018543046358,15.52
1931-08-01,13.9,0.8733,0.73,15.1,3.54,304.0445496688742,17.7,15.967807284768211,15.01
1931-09-01,11.83,0.86,0.7,15.0,3.57,260.49107933333335,17.55,15.413673333333332,12.82
1931-10-01,10.25,0.8467,0.67,14.9,3.6,227.21498322147653,17.4,14.852101342281879,11.15
1931-11-01,10.39,0.8333,0.64,14.7,3.62,233.4519911564626,17.35,14.380103401360545,11.42
1931-12-01,8.44,0.82,0.61,14.6,3.65,190.936501369863,17.19,13.799913013698632,9.31
1932-01-01,8.3,0.7933,0.5933,14.3,3.68,191.7085244755245,16.98,13.703694888111889,9.31
1932-02-01,8.23,0.7667,0.5767,14.1,3.65,192.78804184397165,16.65,13.50921795035461,9.34
1932-03-01,8.26,0.74,0.56,14.0,3.62,194.87286999999998,16.18,13.211720000000001,9.41
1932-04-01,6.28,0.7133,0.5433,13.9,3.59,149.22590215827339,15.71,12.909941503597121,7.19
1932-05-01,5.51,0.6867,0.5267,13.7,3.56,132.8404693430657,15.34,12.698198766423356,6.39
1932-06-01,4.77,0.66,0.51,13.6,3.53,115.8454125,14.86,12.3859875,5.57
1932-07-01,5.01,0.6333,0.4933,13.6,3.5,121.6741125,14.26,11.980407125000001,5.84
1932-08-01,7.53,0.6067,0.4767,13.5,3.46,184.23009555555558,13.76,11.663012822222223,8.83
1932-09-01,8.26,0.58,0.46,13.4,3.43,203.59852089552237,13.25,11.338416417910448,9.76
1932-10-01,7.12,0.5533,0.4433,13.3,3.4,176.8185082706767,12.74,11.008938864661655,8.48
1932-11-01,7.05,0.5267,0.4267,13.2,3.37,176.40648863636363,12.21,10.676971446969697,8.46
1932-12-01,6.82,0.5,0.41,13.1,3.34,171.954065648855,11.68,10.337414503816793,8.26
1933-01-01,7.09,0.495,0.4125,12.9,3.31,181.5331294573643,11.75,10.561694767441859,8.73
1933-02-01,6.25,0.49,0.415,12.7,3.29,162.54576771653547,11.81,10.793038976377954,7.83
1933-03-01,6.23,0.485,0.4175,12.6,3.28,163.3115388888889,11.78,10.94423234126984,7.87
1933-04-01,6.89,0.48,0.42,12.6,3.26,180.61260079365078,11.66,11.009766666666668,8.72
1933-05-01,8.87,0.475,0.4225,12.6,3.25,232.5157865079365,11.54,11.075300992063491,11.25
1933-06-01,10.39,0.47,0.425,12.7,3.23,270.21608425196854,11.33,11.05311220472441,13.1
1933-07-01,11.23,0.465,0.4275,13.1,3.21,283.1443045801527,10.87,10.778645610687022,13.75
1933-08-01,10.67,0.46,0.43,13.2,3.2,266.9868416666667,10.67,10.759544696969698,13.0
1933-09-01,10.58,0.455,0.4325,13.2,3.18,264.73484393939395,10.55,10.82210018939394,12.92
1933-10-01,9.55,0.45,0.435,13.2,3.17,238.9619810606061,10.44,10.884655681818183,11.7
1933-11-01,9.78,0.445,0.4375,13.2,3.15,244.71708636363635,10.32,10.947211174242424,12.01
1933-12-01,9.97,0.44,0.44,13.2,3.14,249.47130378787884,10.2,11.009766666666668,12.28
1934-01-01,10.54,0.4408,0.4442,13.2,3.12,263.7339560606061,10.22,11.114859893939395,13.03
1934-02-01,11.32,0.4417,0.4483,13.3,3.09,281.1215609022556,10.17,11.133109165413533,13.93
1934-03-01,10.74,0.4425,0.4525,13.3,3.06,266.7178060150376,10.19,11.237412218045112,13.25
1934-04-01,10.92,0.4433,0.4567,13.3,3.04,271.1879368421052,10.2,11.341715270676692,13.52
1934-05-01,9.81,0.4442,0.4608,13.3,3.01,243.62213007518798,10.22,11.443534917293233,12.18
1934-06-01,9.94,0.445,0.465,13.4,2.98,245.00838955223878,10.17,11.461660074626867,12.29
1934-07-01,9.47,0.4458,0.4692,13.4,2.96,233.4234858208955,10.18,11.565184746268656,11.74
1934-08-01,9.1,0.4467,0.4733,13.4,2.93,224.30345522388058,10.21,11.666244544776118,11.32
1934-09-01,8.88,0.4475,0.4775,13.6,2.9,215.66190000000003,10.07,11.596684375,10.91
1934-10-01,8.95,0.4483,0.4817,13.5,2.87,218.9720259259259,10.17,11.785343562962964,11.11
1934-11-01,9.2,0.4492,0.4858,13.5,2.84,225.08856296296295,10.19,11.885654770370373,11.45
1934-12-01,9.26,0.45,0.49,13.4,2.82,228.24725223880597,10.28,12.077878358208954,11.64
1935-01-01,9.26,0.45,0.57,13.6,2.79,224.890675,10.13,13.8431625,11.5
1935-02-01,8.98,0.45,0.65,13.7,2.78,216.49862335766426,10.06,15.670835766423359,11.09
1935-03-01,8.41,0.45,0.73,13.7,2.77,202.75650583941606,10.06,17.599554014598542,10.4
1935-04-01,9.04,0.446667,0.756667,13.8,2.75,216.3658492753623,9.91,18.11027633557971,11.1
1935-05-01,9.75,0.443333,0.783333,13.8,2.74,233.35918478260868,9.83,18.748507722391302,11.99
1935-06-01,10.12,0.44,0.81,13.7,2.73,243.98285839416056,9.83,19.528272262773722,12.54
1935-07-01,10.65,0.44,0.793333,13.7,2.72,256.7606167883212,9.83,19.126447924744525,13.2
1935-08-01,11.37,0.44,0.776667,13.7,2.71,274.1190810218978,9.83,18.72464769569343,14.11
1935-09-01,11.61,0.44,0.76,13.7,2.7,279.90523576642335,9.83,18.322823357664234,14.42
1935-10-01,11.92,0.45,0.76,13.7,2.69,287.3790189781022,10.06,18.322823357664234,14.83
1935-11-01,13.04,0.46,0.76,13.8,2.67,312.10295072463765,10.2,18.19004927536232,16.13
1935-12-01,13.04,0.47,0.76,13.8,2.66,312.10295072463765,10.43,18.19004927536232,16.16
1936-01-01,13.76,0.48,0.77,13.8,2.65,329.33562898550724,10.65,18.429392028985507,17.09
1936-02-01,14.55,0.49,0.78,13.8,2.65,348.24370652173917,10.87,18.668734782608695,18.1
1936-03-01,14.86,0.5,0.79,13.7,2.66,358.25941459854016,11.17,19.04609270072993,18.66
1936-04-01,14.88,0.516667,0.82,13.7,2.66,358.741594160584,11.54,19.76936204379562,18.72
1936-05-01,14.09,0.533333,0.85,13.7,2.66,339.69550145985403,11.92,20.492631386861316,17.75
1936-06-01,14.69,0.55,0.88,13.8,2.66,351.5945050724638,12.2,21.06216231884058,18.39
1936-07-01,15.56,0.57,0.9,13.9,2.67,369.7380633093525,12.55,21.385877697841728,19.36
1936-08-01,15.87,0.59,0.92,14.0,2.67,374.4107078571428,12.9,21.704968571428573,19.62
1936-09-01,16.05,0.61,0.94,14.0,2.67,378.6573321428572,13.34,22.176815714285713,19.86
1936-10-01,16.89,0.646667,0.966667,14.0,2.67,398.4749121428572,14.14,22.80595310221429,20.91
1936-11-01,17.36,0.683333,0.993333,14.0,2.67,409.56332000000003,14.94,23.435066897785713,21.5
1936-12-01,17.06,0.72,1.02,14.0,2.68,402.4856128571428,15.74,24.064204285714286,21.13
1937-01-01,17.59,0.73,1.05,14.1,2.68,412.04637375886523,15.85,24.596287234042556,21.62
1937-02-01,18.11,0.74,1.08,14.1,2.67,424.2273921985816,16.07,25.299038297872343,22.24
1937-03-01,18.09,0.75,1.11,14.2,2.66,420.774673943662,16.17,25.81867816901409,22.04
1937-04-01,17.01,0.78,1.13,14.3,2.65,392.8869881118881,16.7,26.100076223776224,20.56
1937-05-01,16.25,0.81,1.15,14.4,2.64,372.72647569444445,17.22,26.37756597222222,19.47
1937-06-01,15.64,0.84,1.17,14.4,2.63,358.7348972222223,17.86,26.83630625,18.71
1937-07-01,16.57,0.816667,1.18667,14.5,2.62,377.4451731034483,17.24,27.030951331724136,19.65
1937-08-01,16.74,0.793333,1.20333,14.5,2.61,381.3175737931034,16.75,27.410446599310344,19.81
1937-09-01,14.37,0.77,1.22,14.6,2.6,325.0897541095891,16.15,27.599826027397263,16.85
1937-10-01,12.28,0.78,1.19,14.6,2.59,277.80808493150687,16.35,26.92114178082192,14.36
1937-11-01,11.2,0.79,1.16,14.5,2.58,255.12286896551723,16.68,26.42344,13.16
1937-12-01,11.02,0.8,1.13,14.4,2.57,252.76589305555555,17.01,25.918825694444443,13.01
1938-01-01,11.31,0.793333,1.07667,14.2,2.56,263.0713964788733,17.1,25.043420021830986,13.51
1938-02-01,11.04,0.786667,1.02333,14.1,2.54,258.6123914893617,17.08,23.971541538297878,13.26
1938-03-01,10.31,0.78,0.97,14.1,2.53,241.5121156028369,16.93,22.722284397163122,12.38
1938-04-01,9.89,0.766667,0.903333,14.2,2.51,230.04209647887328,16.53,21.011589195000003,11.79
1938-05-01,9.98,0.753333,0.836667,14.1,2.49,233.78185390070925,16.36,19.598954144042555,11.99
1938-06-01,10.21,0.74,0.77,14.1,2.48,239.16961205673763,16.07,18.03727730496454,12.29
1938-07-01,12.24,0.713333,0.72,14.1,2.46,286.72243404255323,15.49,16.866025531914893,14.77
1938-08-01,12.31,0.686667,0.67,14.1,2.44,288.36218652482273,14.91,15.69477375886525,14.9
1938-09-01,11.75,0.66,0.62,14.1,2.43,275.2441666666667,14.33,14.523521985815604,14.28
1938-10-01,13.06,0.61,0.626667,14.0,2.41,308.11618428571427,13.34,14.784551673642856,16.06
1938-11-01,13.07,0.56,0.633333,14.0,2.39,308.35210785714287,12.25,14.941818326357145,16.15
1938-12-01,12.69,0.51,0.64,14.0,2.38,299.38701214285715,11.15,15.099108571428571,15.76
1939-01-01,12.5,0.513333,0.663333,14.0,2.36,294.9044642857143,11.22,15.649589040642855,15.6
1939-02-01,12.4,0.516667,0.686667,13.9,2.35,294.6498705035971,11.38,16.316640534604318,15.66
1939-03-01,12.39,0.52,0.71,13.9,2.33,294.41224964028777,11.45,16.87108129496403,15.73
1939-04-01,10.83,0.523333,0.726667,13.8,2.32,259.20820217391304,11.61,17.392248074710142,13.92
1939-05-01,11.23,0.526667,0.743333,13.8,2.31,268.78191231884057,11.68,17.79113670789855,14.5
1939-06-01,11.43,0.53,0.76,13.8,2.3,273.56876739130433,11.76,18.19004927536232,14.83
1939-07-01,11.71,0.54,0.776667,13.8,2.29,280.27036449275363,11.98,18.588961842826084,15.27
1939-08-01,11.54,0.55,0.793333,13.8,2.27,276.2015376811594,12.2,18.98785047601449,15.12
1939-09-01,12.77,0.56,0.81,14.1,2.26,299.1377028368794,12.16,18.974278723404257,16.45
1939-10-01,12.9,0.58,0.84,14.0,2.25,304.3414071428571,12.68,19.81758,16.82
1939-11-01,12.67,0.6,0.87,14.0,2.24,298.915165,13.12,20.525350714285715,16.6
1939-12-01,12.37,0.62,0.9,14.0,2.22,291.83745785714285,13.56,21.23312142857143,16.28
1940-01-01,12.3,0.623333,0.93,13.9,2.21,292.27366187050364,13.73,22.098740287769786,16.38
1940-02-01,12.22,0.626667,0.96,14.0,2.19,288.2986042857143,13.7,22.648662857142856,16.22
1940-03-01,12.15,0.63,0.99,14.0,2.17,286.64713928571433,13.78,23.35643357142857,16.17
1940-04-01,12.27,0.636667,1.00667,14.0,2.15,289.47822214285713,13.92,23.749718164999997,16.37
1940-05-01,10.58,0.643333,1.02333,14.0,2.12,249.60713857142858,14.07,24.142766835000003,14.14
1940-06-01,9.67,0.65,1.04,14.1,2.1,226.52009290780143,14.11,24.362036879432626,12.84
1940-07-01,9.99,0.656667,1.05333,14.0,2.08,235.68764785714285,14.36,24.85053754928572,13.37
1940-08-01,10.2,0.663333,1.06667,14.0,2.06,240.64204285714283,14.5,25.165259593571427,13.65
1940-09-01,10.63,0.67,1.08,14.0,2.04,250.78675642857144,14.65,25.479745714285716,14.21
1940-10-01,10.73,0.67,1.07,14.0,2.02,253.14599214285718,14.65,25.243822142857145,14.33
1940-11-01,10.98,0.67,1.06,14.0,1.99,259.0440814285715,14.65,25.007898571428573,14.64
1940-12-01,10.53,0.67,1.05,14.1,1.97,246.66562340425534,14.55,24.596287234042556,13.91
1941-01-01,10.55,0.673333,1.05333,14.1,1.95,247.1341241134752,14.62,24.674292602127665,13.9
1941-02-01,9.89,0.676667,1.05667,14.1,1.99,231.6736007092199,14.69,24.752532220567375,13.0
1941-03-01,9.95,0.68,1.06,14.2,2.04,231.43770070422534,14.66,24.655674647887327,12.96
1941-04-01,9.64,0.683333,1.07,14.3,2.08,222.65905734265735,14.63,24.71423146853147,12.43
1941-05-01,9.43,0.686667,1.08,14.4,2.12,216.29604097222222,14.6,24.771975,12.04
1941-06-01,9.76,0.69,1.09,14.7,2.16,219.2965768707483,14.37,24.49111360544218,12.16
1941-07-01,10.26,0.693333,1.12333,14.7,2.21,230.53103265306123,14.44,25.240002427891156,12.74
1941-08-01,10.21,0.696667,1.15667,14.9,2.25,226.32829060402688,14.31,25.640268745637584,12.46
1941-09-01,10.24,0.7,1.19,15.1,2.29,223.9867761589404,14.19,26.029713245033115,12.28
1941-10-01,9.83,0.703333,1.18,15.3,2.33,212.20785555555554,14.07,25.473577777777777,11.58
1941-11-01,9.37,0.706667,1.17,15.4,2.38,200.96398766233764,14.05,25.09368896103896,10.91
1941-12-01,8.76,0.71,1.16,15.5,2.42,186.66881806451613,14.02,24.71870193548387,10.09
1942-01-01,8.93,0.703333,1.12,15.7,2.46,187.8672923566879,13.71,23.56230318471338,10.1
1942-02-01,8.65,0.696667,1.08,15.8,2.46,180.8249651898734,13.5,22.576989873417723,9.68
1942-03-01,8.18,0.69,1.04,16.0,2.46,168.86229624999999,13.2,21.469045,9.0
1942-04-01,7.84,0.68,1.02,16.1,2.46,160.8383304347826,12.93,20.9253950310559,8.54
1942-05-01,7.93,0.67,1.0,16.3,2.46,160.68855766871164,12.58,20.263374233128832,8.51
1942-06-01,8.33,0.66,0.98,16.3,2.46,168.7939073619632,12.4,19.858106748466255,8.91
1942-07-01,8.64,0.646667,0.966667,16.4,2.46,174.00801951219515,12.07,19.468496550670736,9.15
1942-08-01,8.59,0.633333,0.953333,16.5,2.47,171.9525375757576,11.75,19.083588882969696,9.01
1942-09-01,8.68,0.62,0.94,16.5,2.47,173.75413575757577,11.5,18.81669212121212,9.08
1942-10-01,9.32,0.61,0.97,16.7,2.47,184.33118323353295,11.18,19.184683233532933,9.6
1942-11-01,9.47,0.6,1.0,16.8,2.47,186.18301845238094,10.93,19.66029761904762,9.66
1942-12-01,9.52,0.59,1.03,16.9,2.47,186.05854201183433,10.69,20.130283431952666,9.62
1943-01-01,10.09,0.59,1.04333,16.9,2.47,197.19860177514795,10.69,20.39080447869823,10.15
1943-02-01,10.69,0.59,1.05667,16.9,2.47,208.92498047337278,10.69,20.65152096508876,10.71
1943-03-01,11.07,0.59,1.07,17.2,2.47,212.57811104651165,10.5,20.547297093023257,10.85
1943-04-01,11.44,0.59,1.08,17.4,2.47,217.1581563218391,10.38,20.50094482758621,11.04
1943-05-01,11.89,0.59,1.09,17.5,2.47,224.41050114285716,10.32,20.57253542857143,11.36
1943-06-01,12.1,0.59,1.1,17.5,2.47,228.37401714285713,10.32,20.76127428571429,11.52
1943-07-01,12.35,0.593333,1.09333,17.4,2.48,234.43210057471268,10.44,20.75397963735632,11.77
1943-08-01,11.74,0.596667,1.08667,17.3,2.48,224.14103005780348,10.56,20.746791578612715,11.21
1943-09-01,11.99,0.6,1.08,17.4,2.48,227.59845229885062,10.56,20.50094482758621,11.34
1943-10-01,11.88,0.603333,1.03333,17.4,2.48,225.5103931034483,10.61,19.61503825804598,11.19
1943-11-01,11.33,0.606667,0.986667,17.4,2.48,215.0700971264368,10.67,18.729264565,10.63
1943-12-01,11.48,0.61,0.94,17.4,2.48,217.91745057471266,10.73,17.843414942528735,10.74
1944-01-01,11.85,0.613333,0.936667,17.4,2.48,224.94092241379312,10.79,17.78014674890805,11.05
1944-02-01,11.77,0.616667,0.933333,17.4,2.47,223.422333908046,10.85,17.716859572931035,10.95
1944-03-01,12.1,0.62,0.93,17.4,2.46,229.68651149425287,10.91,17.65359137931035,11.22
1944-04-01,11.89,0.623333,0.926667,17.5,2.45,224.41050114285716,10.9,17.489807053200003,10.94
1944-05-01,12.1,0.626667,0.923333,17.5,2.44,228.37401714285713,10.96,17.42688151822857,11.1
1944-06-01,12.67,0.63,0.92,17.6,2.43,237.77342670454544,10.96,17.26531590909091,11.53
1944-07-01,13.0,0.633333,0.913333,17.7,2.42,242.58807909604522,10.95,17.043361388079095,11.74
1944-08-01,12.81,0.636667,0.906667,17.7,2.42,239.0425610169492,11.01,16.918969685367234,11.54
1944-09-01,12.6,0.64,0.9,17.7,2.41,235.12383050847455,11.07,16.7945593220339,11.33
1944-10-01,12.91,0.64,0.91,17.7,2.4,240.9086231638418,11.07,16.981165536723168,11.58
1944-11-01,12.82,0.64,0.92,17.7,2.39,239.22916723163846,11.07,17.16777175141243,11.48
1944-12-01,13.1,0.64,0.93,17.8,2.38,243.08080337078653,11.01,17.25688146067416,11.64
1945-01-01,13.49,0.643333,0.94,17.8,2.37,250.31756011235956,11.06,17.442439325842695,11.96
1945-02-01,13.94,0.646667,0.95,17.8,2.35,258.6676640449438,11.12,17.627997191011236,12.34
1945-03-01,13.93,0.65,0.96,17.8,2.34,258.48210617977526,11.18,17.813555056179773,12.32
1945-04-01,14.28,0.65,0.973333,17.8,2.33,264.9766314606741,11.18,18.060959357808986,12.63
1945-05-01,14.82,0.65,0.986667,17.9,2.31,273.460461452514,11.12,18.206100750335196,13.04
1945-06-01,15.09,0.65,1.0,18.1,2.29,275.3658215469613,10.99,18.248232044198893,13.13
1945-07-01,14.78,0.653333,0.996667,18.1,2.28,269.70886961325965,11.05,18.18741068679558,12.87
1945-08-01,14.83,0.656667,0.993333,18.1,2.27,270.6212812154696,11.11,18.12657108116022,12.92
1945-09-01,15.84,0.66,0.99,18.1,2.25,289.0519955801105,11.16,18.065749723756905,13.8
1945-10-01,16.5,0.66,0.98,18.1,2.24,301.0958287292817,11.16,17.883267403314914,14.37
1945-11-01,17.04,0.66,0.97,18.1,2.22,310.9498740331492,11.16,17.700785082872926,14.85
1945-12-01,17.33,0.66,0.96,18.2,2.21,314.5042686813187,11.1,17.422048351648353,15.02
1946-01-01,18.02,0.666667,0.94,18.2,2.19,327.02636593406595,11.21,17.059089010989013,15.62
1946-02-01,18.07,0.673333,0.92,18.1,2.19,329.745553038674,11.39,16.788373480662983,15.76
1946-03-01,17.53,0.68,0.9,18.3,2.2,316.3954256830601,11.38,16.243918032786887,15.13
1946-04-01,18.66,0.68,0.88,18.4,2.21,334.96018369565223,11.31,15.796621739130437,16.04
1946-05-01,18.7,0.68,0.86,18.5,2.21,333.86373513513513,11.25,15.354161081081083,16.01
1946-06-01,18.58,0.68,0.84,18.7,2.21,328.1734727272727,11.13,14.83669090909091,15.77
1946-07-01,18.05,0.683333,0.856667,19.8,2.22,301.10043686868687,10.57,14.29046027429293,14.51
1946-08-01,17.7,0.686667,0.873333,20.2,2.23,289.4151534653465,10.41,14.279988939059407,13.98
1946-09-01,15.09,0.69,0.89,20.4,2.23,244.31967500000002,10.35,14.409841666666669,11.84
1946-10-01,14.75,0.696667,0.946667,20.8,2.23,234.22219951923077,10.25,15.032571318798079,11.39
1946-11-01,14.69,0.703333,1.00333,21.3,2.24,227.79362300469484,10.11,15.558350971361504,11.11
1946-12-01,15.13,0.71,1.06,21.5,2.25,232.43409720930234,10.11,16.284213023255816,11.37
1947-01-01,15.21,0.713333,1.13,21.5,2.25,233.6630944186047,10.16,17.359585581395347,11.47
1947-02-01,15.8,0.716667,1.2,21.5,2.27,242.72694883720933,10.2,18.434958139534885,11.95
1947-03-01,15.16,0.72,1.27,21.9,2.28,228.64118173515985,10.06,19.15397762557078,11.29
1947-04-01,14.6,0.733333,1.32667,21.9,2.3,220.19533333333334,10.25,20.008667320091327,10.9
1947-05-01,14.34,0.746667,1.38333,21.9,2.31,216.27404657534245,10.44,20.863206195890413,10.73
1947-06-01,14.84,0.76,1.44,22.0,2.33,222.79764181818183,10.58,21.61917818181818,11.08
1947-07-01,15.77,0.77,1.47667,22.2,2.34,234.6270545045045,10.62,21.96998938333333,11.7
1947-08-01,15.46,0.78,1.51333,22.5,2.36,226.94799022222222,10.61,22.215213586222223,11.34
1947-09-01,15.06,0.79,1.55,23.0,2.38,216.27011217391305,10.51,22.258876086956523,10.83
1947-10-01,15.45,0.806667,1.57,23.0,2.39,221.87073260869565,10.74,22.54608739130435,11.13
1947-11-01,15.27,0.823333,1.59,23.1,2.41,218.33654155844152,10.91,22.734453246753247,10.98
1947-12-01,15.03,0.84,1.61,23.4,2.42,212.14973461538463,10.99,22.72528760683761,10.68
1948-01-01,14.83,0.843333,1.64333,23.7,2.44,206.67701223628694,10.89,22.902126400421942,10.42
1948-02-01,14.1,0.846667,1.67667,23.5,2.43,198.1758,11.03,23.565632523829787,10.0
1948-03-01,14.3,0.85,1.71,23.4,2.42,201.84572222222224,11.12,24.136796153846156,10.19
1948-04-01,15.4,0.85,1.76,23.8,2.41,213.719,10.93,24.425028571428573,10.78
1948-05-01,16.15,0.85,1.81,23.9,2.4,223.18962133891213,10.89,25.013821338912134,11.24
1948-06-01,16.82,0.85,1.86,24.1,2.39,230.51984481327798,10.8,25.49149294605809,11.58
1948-07-01,16.42,0.856667,1.93,24.4,2.38,222.27094508196723,10.75,26.125634836065576,11.13
1948-08-01,15.94,0.863333,2.0,24.5,2.36,214.89267020408164,10.79,26.962693877551022,10.72
1948-09-01,15.76,0.87,2.07,24.5,2.35,212.46602775510206,10.87,27.906388163265305,10.55
1948-10-01,16.19,0.89,2.14333,24.4,2.34,219.15752745901642,11.17,29.013397364344264,10.83
1948-11-01,15.29,0.91,2.21667,24.2,2.33,208.68512272727273,11.51,30.254156376446286,10.25
1948-12-01,15.19,0.93,2.29,24.1,2.32,208.18052572614107,11.81,31.38468755186722,10.16
1949-01-01,15.36,0.946667,2.32,24.0,2.31,211.38752,12.08,31.928323333333335,10.25
1949-02-01,14.77,0.963333,2.35,23.8,2.31,204.97594999999998,12.39,32.61296428571429,9.87
1949-03-01,14.91,0.98,2.38,23.8,2.31,206.91885,12.61,33.0293,9.9
1949-04-01,14.89,0.993333,2.38667,23.9,2.31,205.7766849372385,12.72,32.98328009665272,9.78
1949-05-01,14.78,1.00667,2.39333,23.8,2.31,205.11472857142854,12.95,33.214291835714285,9.69
1949-06-01,13.97,1.02,2.4,23.9,2.31,193.06247740585778,13.06,33.167497907949794,9.07
1949-07-01,14.76,1.02667,2.39667,23.7,2.31,205.70146329113925,13.26,33.400984148101266,9.61
1949-08-01,15.29,1.03333,2.39333,23.8,2.32,212.19243571428572,13.29,33.214291835714285,9.85
1949-09-01,15.49,1.04,2.39,23.9,2.32,214.06855941422597,13.32,33.029300000000006,9.88
1949-10-01,15.89,1.07333,2.36667,23.7,2.32,221.44961054852322,13.86,32.982891743037975,10.17
1949-11-01,16.11,1.10667,2.34333,23.8,2.32,223.57227857142857,14.23,32.52039897857143,10.22
1949-12-01,16.54,1.14,2.32,23.6,2.32,231.4850093220339,14.79,32.4694813559322,10.53
1950-01-01,16.88,1.15,2.33667,23.5,2.32,237.24875914893616,14.98,32.84194656638297,10.75
1950-02-01,17.21,1.16,2.35333,23.5,2.34,241.8869161702128,15.11,33.07610322085107,10.91
1950-03-01,17.35,1.17,2.37,23.6,2.36,242.8213368644068,15.18,33.16925466101695,10.91
1950-04-01,17.84,1.18,2.42667,23.6,2.38,249.67911525423727,15.31,33.962377724999996,11.18
1950-05-01,18.44,1.19,2.48333,23.7,2.4,256.98746497890295,15.37,34.6087137421941,11.46
1950-06-01,18.74,1.2,2.54,23.8,2.42,260.07104285714286,15.43,35.24975714285714,11.55
1950-07-01,17.38,1.24333,2.6,24.1,2.44,238.19470290456428,15.79,35.63326970954357,10.54
1950-08-01,18.43,1.28667,2.66,24.3,2.47,250.50617242798356,16.21,36.15553004115226,11.04
1950-09-01,19.08,1.33,2.72,24.4,2.49,258.27829672131145,16.69,36.81954754098361,11.34
1950-10-01,19.87,1.37667,2.76,24.6,2.51,266.78544349593494,17.13,37.05726341463414,11.66
1950-11-01,19.83,1.42333,2.8,24.7,2.53,265.17045303643727,17.64,37.442121457489876,11.54
1950-12-01,19.75,1.47,2.84,25.0,2.55,260.93147,18.0,37.5212848,11.31
1951-01-01,21.21,1.48667,2.83667,25.4,2.57,275.80765866141735,17.92,36.887096232677166,11.9
1951-02-01,22.0,1.50333,2.83333,25.7,2.58,282.7410894941634,17.91,36.4135823225681,12.14
1951-03-01,21.63,1.52,2.83,25.8,2.59,276.9084337209302,18.04,36.229813565891476,11.84
1951-04-01,21.92,1.53333,2.79333,25.8,2.6,280.62102945736433,18.19,35.76036223604651,11.95
1951-05-01,21.93,1.54667,2.75667,25.9,2.61,279.66507683397685,18.28,35.154780089189195,11.86
1951-06-01,21.55,1.56,2.72,25.9,2.62,274.81907915057917,18.44,34.68714131274132,11.62
1951-07-01,21.93,1.54667,2.65,25.9,2.62,279.66507683397685,18.28,33.79445752895753,11.78
1951-08-01,22.89,1.53333,2.58,25.9,2.63,291.90759729729734,18.12,32.90177374517375,12.26
1951-09-01,23.48,1.52,2.51,26.1,2.64,297.13715095785443,17.83,31.763809578544056,12.44
1951-10-01,23.36,1.48333,2.48667,26.2,2.65,294.49024732824427,17.33,31.348461614885498,12.31
1951-11-01,22.71,1.44667,2.46333,26.4,2.66,284.1270465909091,16.78,30.81896423068182,11.85
1951-12-01,23.41,1.41,2.44,26.5,2.67,291.77958981132076,16.29,30.411883773584908,12.15
1952-01-01,24.19,1.41333,2.42667,26.5,2.68,301.501421509434,16.33,30.24574016264151,12.53
1952-02-01,23.75,1.41667,2.41333,26.3,2.69,298.26839353612166,16.49,30.308213144106467,12.36
1952-03-01,23.81,1.42,2.4,26.3,2.71,299.0219136882129,16.53,30.14080608365019,12.36
1952-04-01,23.74,1.43,2.38,26.4,2.72,297.013478030303,16.58,29.776414393939397,12.24
1952-05-01,23.73,1.44,2.36,26.4,2.73,296.8883670454546,16.7,29.526192424242428,12.2
1952-06-01,24.38,1.45,2.34,26.5,2.74,303.86956,16.75,29.165495094339622,12.45
1952-07-01,25.08,1.45,2.34667,26.7,2.75,310.2527505617977,16.62,29.02953836367041,12.67
1952-08-01,25.18,1.45,2.35333,26.7,2.77,311.4898029962547,16.62,29.111926055805245,12.68
1952-09-01,24.78,1.45,2.36,26.7,2.78,306.541593258427,16.62,29.19443745318352,12.43
1952-10-01,24.26,1.43667,2.37333,26.7,2.79,300.10892059925095,16.47,29.35933654269663,12.13
1952-11-01,25.03,1.42333,2.38667,26.7,2.81,309.6342243445693,16.32,29.524359337453184,12.47
1952-12-01,26.04,1.41,2.4,26.7,2.82,322.12845393258425,16.17,29.689258426966294,12.93
1953-01-01,26.18,1.41,2.41,26.6,2.83,325.07784736842103,16.23,29.92504248120301,13.01
1953-02-01,25.86,1.41,2.42,26.5,2.8,322.31611245283017,16.29,30.162606037735852,12.86
1953-03-01,25.99,1.41,2.43,26.6,2.77,322.71861165413526,16.23,30.17338308270677,12.83
1953-04-01,24.71,1.41333,2.45667,26.6,2.83,306.8248131578947,16.27,30.504545274812028,12.16
1953-05-01,24.84,1.41667,2.48333,26.7,3.05,307.2838247191011,16.24,30.720094220599254,12.14
1953-06-01,23.95,1.42,2.51,26.8,3.11,295.1685578358209,16.22,30.93415783582089,11.62
1953-07-01,24.29,1.42,2.52333,26.8,2.93,299.35884216417907,16.22,31.09844163022388,11.75
1953-08-01,24.39,1.42,2.53667,26.9,2.95,299.47383903345724,16.16,31.1466299,11.72
1953-09-01,23.27,1.42,2.55,26.9,2.87,285.72186282527883,16.16,31.310302973977695,11.14
1953-10-01,23.97,1.43,2.53667,27.0,2.66,293.2267855555555,16.21,31.03127201148148,11.39
1953-11-01,24.5,1.44,2.52333,26.9,2.68,300.82447955390336,16.39,30.98283404052045,11.64
1953-12-01,24.83,1.45,2.51,26.9,2.59,304.87640111524166,16.5,30.81916096654275,11.75
1954-01-01,25.46,1.45667,2.52333,26.9,2.48,312.61188773234204,16.58,30.98283404052045,12.0
1954-02-01,26.02,1.46333,2.53667,26.9,2.47,319.4878758364313,16.65,31.1466299,12.22
1954-03-01,26.57,1.47,2.55,26.9,2.37,326.2410784386617,16.73,31.310302973977695,12.42
1954-04-01,27.63,1.46333,2.57333,26.8,2.29,340.5222235074627,16.72,31.71465991380597,12.91
1954-05-01,28.73,1.45667,2.59667,26.9,2.37,352.76274684014874,16.58,31.88334291115242,13.31
1954-06-01,28.96,1.45,2.62,26.9,2.38,355.58681338289966,16.5,32.16980148698885,13.36
1954-07-01,30.13,1.45667,2.62333,26.9,2.3,369.9527171003718,16.58,32.210689059107814,13.83
1954-08-01,30.73,1.46333,2.62667,26.9,2.36,377.31984721189593,16.65,32.25169941672863,14.04
1954-09-01,31.45,1.47,2.63,26.8,2.38,387.60130037313434,16.79,32.413081716417906,14.36
1954-10-01,32.18,1.49333,2.67667,26.8,2.43,396.59808731343287,17.06,32.988259862313434,14.62
1954-11-01,33.44,1.51667,2.72333,26.8,2.48,412.1267880597015,17.32,33.56331476455223,15.12
1954-12-01,34.97,1.54,2.77,26.7,2.51,432.59723632958804,17.66,34.26635243445693,15.79
1955-01-01,35.6,1.54667,2.83333,26.7,2.61,440.3906666666667,17.73,35.049777741198504,15.99
1955-02-01,36.79,1.55333,2.89667,26.7,2.65,455.11159063670414,17.81,35.83332675318352,16.44
1955-03-01,36.5,1.56,2.96,26.7,2.68,451.524138576779,17.89,36.6167520599251,16.22
1955-04-01,37.76,1.56333,3.04667,26.7,2.75,467.11099925093635,17.92,37.68890540486892,16.69
1955-05-01,37.6,1.56667,3.13333,26.7,2.76,465.1317153558053,17.96,38.760935044569294,16.52
1955-06-01,39.78,1.57,3.22,26.7,2.78,492.09945842696635,18.0,39.833088389513115,17.37
1955-07-01,42.69,1.58667,3.29333,26.8,2.9,526.127170522388,18.12,40.58820319738806,18.45
1955-08-01,42.43,1.60333,3.36667,26.8,2.97,522.9228354477613,18.31,41.492072175746266,18.22
1955-09-01,44.34,1.62,3.44,26.9,2.97,544.4309152416357,18.44,42.23821263940521,18.84
1955-10-01,42.11,1.62667,3.5,26.9,2.88,517.0497483271375,18.51,42.97492565055762,17.77
1955-11-01,44.95,1.63333,3.56,26.9,2.89,551.9208308550186,18.59,43.71163866171004,18.84
1955-12-01,45.37,1.64,3.62,26.8,2.96,559.156470522388,18.73,44.61420373134328,18.94
1956-01-01,44.15,1.67,3.64333,26.8,2.9,544.120744402985,19.08,44.90173118246268,18.29
1956-02-01,44.43,1.7,3.66667,26.8,2.84,547.5715667910448,19.42,45.1893818772388,18.27
1956-03-01,47.49,1.73,3.69,26.8,2.96,585.2841257462687,19.76,45.476909328358204,19.37
1956-04-01,48.05,1.75333,3.66,26.9,3.18,589.9843364312268,19.95,44.9394936802974,19.37
1956-05-01,46.54,1.77667,3.63,27.0,3.07,569.3272674074074,20.14,44.40605888888889,18.54
1956-06-01,46.27,1.8,3.6,27.2,3.0,561.8623937500001,20.26,43.715250000000005,18.16
1956-07-01,48.78,1.81333,3.55333,27.4,3.11,588.0179759124088,20.26,42.833577579927,18.86
1956-08-01,48.49,1.82667,3.50667,27.3,3.33,586.663280952381,20.48,42.42595437032968,18.67
1956-09-01,46.84,1.84,3.46,27.4,3.38,564.6322671532847,20.56,41.70853211678832,17.84
1956-10-01,46.24,1.80667,3.44333,27.5,3.34,555.3726661818182,20.11,41.356647116,17.42
1956-11-01,45.76,1.77333,3.42667,27.5,3.49,549.6075519999999,19.74,41.15654961127273,17.12
1956-12-01,46.44,1.74,3.41,27.6,3.59,555.7538739130434,19.3,40.807939492753626,17.2
1957-01-01,45.43,1.73667,3.40667,27.6,3.46,543.6670648550725,19.26,40.76808892427536,16.72
1957-02-01,43.47,1.73333,3.40333,27.7,3.34,518.3334552346571,19.16,40.58108576498195,15.84
1957-03-01,44.03,1.73,3.4,27.8,3.41,523.1223305755396,19.05,40.39554676258993,15.9
1957-04-01,45.05,1.73,3.40667,27.9,3.48,533.3225681003584,18.98,40.32972237670251,16.12
1957-05-01,46.78,1.73,3.41333,28.0,3.6,551.8252335714286,18.91,40.264250203214296,16.6
1957-06-01,47.55,1.73,3.42,28.1,3.8,558.9121761565835,18.85,40.19936156583629,16.73
1957-07-01,48.51,1.74,3.43667,28.3,3.93,566.1665522968198,18.82,40.10982488727915,16.87
1957-08-01,45.84,1.75,3.45333,28.3,3.93,535.0046332155478,18.93,40.3042659254417,15.87
1957-09-01,43.98,1.76,3.47,28.3,3.92,513.2963300353356,19.04,40.49882367491166,15.16
1957-10-01,41.24,1.77,3.43667,28.3,3.97,481.31743180212015,19.15,40.10982488727915,14.15
1957-11-01,40.35,1.78,3.40333,28.4,3.72,469.2719207746479,19.19,39.58084773556338,13.74
1957-12-01,40.33,1.79,3.37,28.4,3.21,469.03932007042255,19.29,39.193218661971834,13.67
1958-01-01,41.12,1.78333,3.29333,28.6,3.09,474.8828027972027,19.09,38.03370089825175,13.79
1958-02-01,41.26,1.77667,3.21667,28.6,3.05,476.49962167832166,19.02,37.148377073776224,13.78
1958-03-01,42.11,1.77,3.14,28.8,2.98,482.93882743055553,18.81,36.01111180555556,13.93
1958-04-01,42.34,1.75667,3.07,28.9,2.88,483.89638823529424,18.61,35.08648823529412,13.91
1958-05-01,43.7,1.74333,3.0,28.9,2.92,499.4395882352942,18.47,34.2864705882353,14.32
1958-06-01,44.75,1.73,2.93,28.9,2.97,511.43985294117647,18.33,33.48645294117647,14.64
1958-07-01,45.98,1.73,2.91333,29.0,3.2,523.6852462068965,18.26,33.18112088586207,14.96
1958-08-01,47.7,1.73,2.89667,28.9,3.54,545.1548823529413,18.33,33.10553025294118,15.54
1958-09-01,48.96,1.73,2.88,28.9,3.76,559.5552,18.33,32.91501176470588,15.93
1958-10-01,50.95,1.73667,2.88333,28.9,3.8,582.2985588235296,18.4,32.95306974705883,16.56
1958-11-01,52.5,1.74333,2.88667,29.0,3.74,597.944224137931,18.4,32.877479114137934,16.99
1958-12-01,53.49,1.75,2.89,28.9,3.86,611.3277705882354,18.54,33.029300000000006,17.36
1959-01-01,55.62,1.75667,2.96333,29.0,4.02,633.4791951724137,18.54,33.75059157551724,17.98
1959-02-01,54.77,1.76333,3.03667,28.9,3.96,625.9566647058824,18.68,34.705565547058825,17.76
1959-03-01,56.16,1.77,3.11,28.9,3.99,641.8427294117647,18.75,35.54364117647059,18.2
1959-04-01,57.1,1.77667,3.20667,29.0,4.12,650.3355275862069,18.75,36.52209152793103,18.43
1959-05-01,57.96,1.78333,3.30333,29.0,4.31,660.1304234482758,18.83,37.622992265172414,18.69
1959-06-01,57.46,1.79,3.4,29.1,4.34,652.1867965635739,18.83,38.59093470790378,18.45
1959-07-01,59.74,1.79667,3.41,29.2,4.4,675.7432815068494,18.84,38.57188801369863,19.09
1959-08-01,59.4,1.80333,3.42,29.2,4.43,671.897404109589,18.91,38.685002054794516,18.96
1959-09-01,57.05,1.81,3.43,29.3,4.68,643.1131621160408,18.91,38.665699317406144,18.12
1959-10-01,57.0,1.81667,3.41667,29.4,4.53,640.3639795918368,18.92,38.38442803775511,18.02
1959-11-01,57.23,1.82333,3.40333,29.4,4.53,642.9479044217687,18.99,38.23456039761905,18.07
1959-12-01,59.06,1.83,3.39,29.4,4.69,663.5069585034015,19.05,38.08480510204082,18.62
1960-01-01,58.03,1.86667,3.39,29.3,4.72,654.160504778157,19.5,38.21478737201365,18.34
1960-02-01,55.78,1.90333,3.39,29.4,4.49,626.657943537415,19.82,38.08480510204082,17.55
1960-03-01,55.02,1.94,3.39,29.4,4.25,618.1197571428572,20.2,38.08480510204082,17.29
1960-04-01,55.73,1.94333,3.34667,29.5,4.28,623.9738606779661,20.17,37.47056523084746,17.43
1960-05-01,55.22,1.94667,3.30333,29.5,4.35,618.2637105084747,20.2,36.98531443016949,17.26
1960-06-01,57.26,1.95,3.26,29.6,4.15,638.9384182432432,20.17,36.376864189189185,17.82
1960-07-01,55.84,1.95,3.26333,29.6,3.9,623.0932810810812,20.17,36.41402215168919,17.38
1960-08-01,56.51,1.95,3.26667,29.6,3.8,630.5695077702702,20.17,36.451291699662164,17.58
1960-09-01,54.81,1.95,3.27,29.6,3.8,611.5999773648648,20.17,36.48844966216216,17.05
1960-10-01,53.73,1.95,3.27,29.8,3.89,595.5249291946309,20.03,36.24356073825503,16.61
1960-11-01,55.47,1.95,3.27,29.8,3.93,614.810493624161,20.03,36.24356073825503,17.15
1960-12-01,56.8,1.95,3.27,29.8,3.84,629.5517583892617,20.03,36.24356073825503,17.56
1961-01-01,59.72,1.94667,3.21,29.8,3.84,661.9160389261745,20.0,35.57854127516779,18.47
1961-02-01,62.17,1.94333,3.15,29.8,3.78,689.0710003355705,19.96,34.91352181208053,19.23
1961-03-01,64.12,1.94,3.09,29.8,3.74,710.6841328859061,19.93,34.248502348993284,19.84
1961-04-01,65.83,1.94,3.07,29.8,3.78,729.6371875838926,19.93,34.02682919463087,20.38
1961-05-01,66.5,1.94,3.05,29.8,3.71,737.0632382550335,19.93,33.80515604026846,20.6
1961-06-01,65.62,1.94,3.03,29.8,3.88,727.3096194630873,19.93,33.58348288590604,20.33
1961-07-01,65.44,1.94667,3.03667,30.0,3.92,720.4791306666666,19.86,33.43302814366667,20.15
1961-08-01,67.79,1.95333,3.04333,29.9,4.04,748.8482431438127,20.0,33.61841457157191,20.94
1961-09-01,67.26,1.96,3.05,30.0,3.98,740.5169060000001,20.0,33.57978833333333,20.71
1961-10-01,68.0,1.98,3.09667,30.0,3.92,748.6641333333333,20.2,34.09361414366667,20.92
1961-11-01,71.08,2.0,3.14333,30.0,3.94,782.5742146666666,20.41,34.60732985633334,21.86
1961-12-01,71.74,2.02,3.19,30.0,4.06,789.8406606666666,20.61,35.12115566666667,22.04
1962-01-01,69.07,2.02667,3.25,30.0,4.08,760.4445836666666,20.68,35.78174166666667,21.2
1962-02-01,70.22,2.03333,3.31,30.1,4.04,770.537357475083,20.68,36.321256810631226,21.45
1962-03-01,70.29,2.04,3.37,30.1,3.93,771.3054807308971,20.75,36.97964817275748,21.44
1962-04-01,68.05,2.04667,3.40333,30.2,3.84,744.2529354304636,20.75,37.22172436059603,20.66
1962-05-01,62.99,2.05333,3.43667,30.2,3.87,688.9124526490067,20.81,37.58635908311258,19.09
1962-06-01,55.63,2.06,3.47,30.2,3.91,608.4172049668874,20.88,37.950884437086096,16.83
1962-07-01,56.97,2.06667,3.49,30.3,4.01,621.0162445544554,20.88,38.0436491749175,17.14
1962-08-01,58.52,2.07333,3.51,30.3,3.98,637.9124211221123,20.95,38.261664356435645,17.57
1962-09-01,58.0,2.08,3.53,30.4,3.98,630.1642763157895,20.95,38.35310164473684,17.32
1962-10-01,56.17,2.09667,3.57667,30.4,3.93,610.2815069078948,21.11,38.86016658914474,16.74
1962-11-01,60.04,2.11333,3.62333,30.4,3.92,652.3286750000001,21.28,39.36712288453948,17.85
1962-12-01,62.64,2.13,3.67,30.4,3.86,680.5774184210527,21.45,39.87418782894737,18.59
1963-01-01,65.06,2.13667,3.68333,30.4,3.83,706.8704796052632,21.52,40.01901696348684,19.26
1963-02-01,65.92,2.14333,3.69667,30.4,3.92,716.2142947368421,21.58,40.16395474703948,19.47
1963-03-01,65.67,2.15,3.71,30.5,3.93,711.1587314754098,21.58,40.17662393442623,19.29
1963-04-01,68.76,2.16667,3.75333,30.5,3.97,744.6212026229508,21.75,40.64585658,20.15
1963-05-01,70.14,2.18333,3.79667,30.5,3.93,759.5656072131147,21.91,41.11519751836066,20.51
1963-06-01,70.11,2.2,3.84,30.6,3.99,756.75955,22.01,41.44853333333333,20.38
1963-07-01,69.07,2.20333,3.88,30.7,4.02,743.1054563517914,21.97,41.743871009771986,19.97
1963-08-01,70.98,2.20667,3.92,30.7,4.0,763.6546299674268,22.0,42.17422019543974,20.47
1963-09-01,72.85,2.21,3.96,30.7,4.08,783.7734543973942,22.04,42.604569381107495,20.96
1963-10-01,73.03,2.23333,3.98,30.8,4.11,783.1590191558441,22.2,42.68071883116883,20.89
1963-11-01,72.62,2.25667,4.0,30.8,4.12,778.7622616883117,22.43,42.895194805194805,20.72
1963-12-01,74.17,2.28,4.02,30.9,4.13,792.8100909385114,22.59,42.9701572815534,21.04
1964-01-01,76.45,2.29667,4.07333,30.9,4.17,817.1812249190939,22.75,43.54020665663431,21.63
1964-02-01,77.39,2.31333,4.12667,30.9,4.15,827.2289731391586,22.92,44.11036292265373,21.83
1964-03-01,78.8,2.33,4.18,30.9,4.22,842.3005954692558,23.08,44.68041229773463,22.17
1964-04-01,79.94,2.34667,4.23,30.9,4.23,854.4861624595469,23.25,45.21486699029127,22.42
1964-05-01,80.72,2.36333,4.28,30.9,4.2,862.8236556634305,23.41,45.7493216828479,22.57
1964-06-01,80.24,2.38,4.33,31.0,4.17,854.9261393548387,23.5,46.13447387096774,22.3
1964-07-01,83.22,2.4,4.37667,31.1,4.19,883.8258347266881,23.62,46.48178341832797,22.98
1964-08-01,82.0,2.42,4.42333,31.0,4.19,873.6782580645162,23.9,47.12886889322581,22.65
1964-09-01,83.41,2.44,4.47,31.1,4.2,885.8437019292603,24.02,47.472981028938904,22.89
1964-10-01,84.85,2.46,4.49667,31.1,4.19,901.1370112540193,24.21,47.756225862057875,23.21
1964-11-01,85.44,2.48,4.52333,31.2,4.15,904.4946769230769,24.33,47.88539216955128,23.23
1964-12-01,83.96,2.5,4.55,31.2,4.18,888.826932051282,24.53,48.16772916666667,22.75
1965-01-01,86.12,2.51667,4.59333,31.2,4.19,911.6933705128206,24.69,48.626434156730774,23.27
1965-02-01,86.75,2.53333,4.63667,31.2,4.21,918.3627483974359,24.86,49.085245009935896,23.37
1965-03-01,86.83,2.55,4.68,31.3,4.21,916.2728814696485,24.94,49.38566261980831,23.25
1965-04-01,87.97,2.57,4.73333,31.4,4.2,925.346344267516,25.06,49.78935559522293,23.42
1965-05-01,89.28,2.59,4.78667,31.4,4.21,939.1260840764331,25.25,50.35043293980892,23.71
1965-06-01,85.04,2.61,4.84,31.6,4.21,888.864453164557,25.28,50.58918101265823,22.39
1965-07-01,84.91,2.62667,4.88667,31.6,4.2,887.5056528481011,25.45,51.076990326265815,22.3
1965-08-01,86.49,2.64333,4.93333,31.6,4.25,904.0203028481011,25.61,51.56469511677215,22.67
1965-09-01,89.38,2.66,4.98,31.6,4.29,934.227479113924,25.77,52.052504430379756,23.37
1965-10-01,91.39,2.68,5.05,31.7,4.35,952.2232577287066,25.88,52.617654574132494,23.78
1965-11-01,92.15,2.7,5.12,31.7,4.45,960.1419542586751,26.07,53.34700820189274,23.93
1965-12-01,91.73,2.72,5.19,31.8,4.62,952.7602795597485,26.18,53.906310377358494,23.69
1966-01-01,93.32,2.74,5.24,31.8,4.61,969.2749295597483,26.38,54.42563899371069,24.06
1966-02-01,92.69,2.76,5.29,32.0,4.83,956.7143178125,26.4,54.6015615625,23.7
1966-03-01,88.88,2.78,5.34,32.1,4.87,914.5308984423675,26.51,54.945938317757005,22.61
1966-04-01,91.6,2.79667,5.38,32.3,4.75,936.6823157894737,26.51,55.014747368421055,23.11
1966-05-01,86.78,2.81333,5.42,32.3,4.78,887.3940105263159,26.66,55.423778947368426,21.85
1966-06-01,86.06,2.83,5.46,32.4,4.81,877.3152956790125,26.74,55.660487037037036,21.56
1966-07-01,85.84,2.85,5.47667,32.5,5.02,872.3800344615386,26.85,55.65863890184616,21.38
1966-08-01,80.65,2.87,5.49333,32.7,5.22,814.6217262996943,26.87,55.486496810091744,19.91
1966-09-01,77.81,2.89,5.51,32.7,5.18,785.9357287461773,27.06,55.654875535168195,19.16
1966-10-01,77.13,2.88333,5.52333,32.9,5.01,774.331279331307,26.83,55.45037190547112,18.83
1966-11-01,80.99,2.87667,5.53667,32.9,5.16,813.0829808510638,26.77,55.58429617963527,19.71
1966-12-01,81.33,2.87,5.55,32.9,4.84,816.4963431610943,26.7,55.71812006079028,19.74
1967-01-01,84.45,2.88,5.51667,32.9,4.58,847.8189620060791,26.8,55.383510161398185,20.43
1967-02-01,87.36,2.89,5.48333,32.9,4.63,877.0333276595745,26.89,55.04879986899696,21.07
1967-03-01,89.42,2.9,5.45,33.0,4.54,894.9939412121213,26.9,54.548389393939395,21.44
1967-04-01,90.96,2.9,5.41,33.1,4.59,907.6571383685799,26.82,53.98444501510574,21.69
1967-05-01,92.59,2.9,5.37,33.2,4.85,921.1394237951807,26.74,53.42389789156626,21.95
1967-06-01,91.43,2.9,5.33,33.3,5.02,906.8675372372373,26.66,52.866717417417426,21.55
1967-07-01,93.01,2.90667,5.32,33.4,5.16,919.7770038922157,26.64,52.609543712574855,21.8
1967-08-01,94.49,2.91333,5.31,33.5,5.28,931.6234498507462,26.62,52.353905373134324,22.03
1967-09-01,95.81,2.92,5.3,33.6,5.3,941.8265574404762,26.6,52.09978869047619,22.22
1967-10-01,95.66,2.92,5.31,33.7,5.48,937.5616729970326,26.52,52.04319970326409,22.07
1967-11-01,92.66,2.92,5.32,33.8,5.75,905.471875147929,26.45,51.98694556213018,21.26
1967-12-01,95.3,2.92,5.33,33.9,5.7,928.5227994100296,26.37,51.93102330383481,21.75
1968-01-01,95.04,2.93,5.36667,34.1,5.53,920.5585548387097,26.3,51.981628572140764,21.51
1968-02-01,90.75,2.94,5.40333,34.2,5.56,876.4353728070174,26.32,52.18368642368421,20.42
1968-03-01,89.09,2.95,5.44,34.3,5.74,857.8951419825074,26.33,52.38466239067056,19.93
1968-04-01,95.67,2.96333,5.48333,34.4,5.64,918.5793985465117,26.37,52.64841615377907,21.28
1968-05-01,97.87,2.97667,5.52667,34.5,5.87,936.9790118840581,26.41,52.91073664666667,21.63
1968-06-01,100.5,2.99,5.57,34.7,5.72,956.6122910662823,26.38,53.01821354466859,22.0
1968-07-01,100.3,3.00333,5.6,34.9,5.5,949.2374756446992,26.34,52.99830372492836,21.75
1968-08-01,98.11,3.01667,5.63,35.0,5.42,925.8584637142857,26.39,53.12998828571429,21.14
1968-09-01,101.3,3.03,5.66,35.1,5.46,953.238772079772,26.43,53.26092250712251,21.68
1968-10-01,103.8,3.04333,5.69333,35.3,5.58,971.2298413597733,26.39,53.271021124362605,22.0
1968-11-01,105.4,3.05667,5.72667,35.4,5.7,983.4147514124294,26.43,53.43161057372882,22.2
1968-12-01,106.5,3.07,5.76,35.5,6.03,990.879,26.47,53.591202253521125,22.28
1969-01-01,102.0,3.08,5.78,35.6,6.04,946.3451123595505,26.49,53.626223033707866,21.19
1969-02-01,101.5,3.09,5.8,35.8,6.19,936.4452374301677,26.42,53.51115642458101,20.9
1969-03-01,99.3,3.1,5.82,36.1,6.3,908.5344847645428,26.29,53.24945318559557,20.2
1969-04-01,101.3,3.11,5.82667,36.3,6.17,921.7267465564739,26.23,53.01675796997246,20.43
1969-05-01,104.6,3.12,5.83333,36.4,6.32,949.1386758241758,26.24,52.93154026620879,20.97
1969-06-01,99.14,3.13,5.84,36.6,6.57,894.6789076502731,26.18,52.702489617486336,19.71
1969-07-01,94.71,3.13667,5.85667,36.8,6.72,850.0557073369565,26.09,52.565682182336964,18.68
1969-08-01,94.18,3.14333,5.87333,37.0,6.69,840.7295875675676,26.01,52.43026447810811,18.43
1969-09-01,94.51,3.15,5.89,37.1,7.16,841.4013862533693,25.99,52.437352291105114,18.4
1969-10-01,95.52,3.15333,5.85333,37.3,7.1,845.8334412868633,25.88,51.8314725386059,18.45
1969-11-01,96.21,3.15667,5.81667,37.5,7.14,847.3997208,25.77,51.2321435816,18.44
1969-12-01,91.11,3.16,5.78,37.7,7.65,798.2226851458886,25.66,50.63908594164456,17.33
1970-01-01,90.31,3.16333,5.73,37.8,7.79,789.120656878307,25.62,50.06822460317461,17.09
1970-02-01,87.16,3.16667,5.68,38.0,7.24,757.5878389473684,25.51,49.370111578947366,16.37
1970-03-01,88.65,3.17,5.63,38.2,7.07,766.5045667539267,25.4,48.67930863874346,16.53
1970-04-01,85.95,3.17333,5.59333,38.5,7.39,737.3683987012988,25.23,47.98539599194805,15.87
1970-05-01,76.06,3.17667,5.55667,38.6,7.91,650.8312326424871,25.19,47.54738871269431,13.98
1970-06-01,75.59,3.18,5.52,38.8,7.84,643.4754605670104,25.09,46.9901381443299,13.8
1970-07-01,75.72,3.18333,5.46667,39.0,7.46,641.2765630769231,24.99,46.29750857205128,13.73
1970-08-01,77.92,3.18667,5.41333,39.0,7.53,659.9084758974359,25.01,45.845769376666674,14.1
1970-09-01,82.58,3.19,5.36,39.2,7.39,695.806018877551,24.91,45.162512244897954,14.84
1970-10-01,84.37,3.17333,5.28333,39.4,7.33,707.2797058375635,24.66,44.29053085507615,15.06
1970-11-01,84.28,3.15667,5.20667,39.6,6.84,702.9569202020202,24.4,43.427440765404036,14.95
1970-12-01,90.05,3.14,5.13,39.8,6.39,747.3086595477388,24.15,42.572941959798996,15.87
1971-01-01,93.49,3.13,5.16,39.8,6.24,775.856597236181,24.07,42.82190653266332,16.46
1971-02-01,97.11,3.12,5.19,39.9,6.11,803.8785270676692,23.94,42.96292406015038,17.03
1971-03-01,99.6,3.11,5.22,40.0,5.7,822.42957,23.8,43.103236499999994,17.4
1971-04-01,103.0,3.10667,5.25333,40.1,5.83,848.3835162094764,23.72,43.270277448628434,17.92
1971-05-01,101.6,3.10333,5.28667,40.3,6.39,832.6989776674938,23.57,43.32878645930521,17.56
1971-06-01,99.72,3.1,5.32,40.6,6.52,811.2516738916256,23.37,43.279772413793104,17.08
1971-07-01,99.0,3.09667,5.35667,40.7,6.73,803.4154054054054,23.29,43.47102221891892,16.89
1971-08-01,97.24,3.09333,5.39333,40.8,6.58,787.1983166666666,23.21,43.66125357083333,16.52
1971-09-01,99.4,3.09,5.43,40.8,6.14,804.6844166666668,23.18,43.958112500000006,16.86
1971-10-01,97.29,3.08333,5.52,40.9,5.93,785.6774075794622,23.08,44.577441564792174,16.43
1971-11-01,92.78,3.07667,5.61,40.9,5.81,749.2563457212714,23.03,45.30424767726162,15.64
1971-12-01,99.17,3.07,5.7,41.1,5.93,796.9624527980535,22.87,45.807058394160585,16.6
1972-01-01,103.3,3.07,5.73667,41.1,5.95,830.1524793187348,22.87,46.10175046982969,17.26
1972-02-01,105.2,3.07,5.77333,41.3,6.08,841.3274479418887,22.76,46.1716824622276,17.46
1972-03-01,107.7,3.07,5.81,41.4,6.07,859.2404855072465,22.7,46.35271328502415,17.81
1972-04-01,108.8,3.07,5.86333,41.5,6.19,865.9247807228916,22.65,46.66546640216868,17.92
1972-05-01,107.7,3.07,5.91667,41.6,6.13,855.1095216346154,22.59,46.976795295913455,17.66
1972-06-01,108.0,3.07,5.97,41.7,6.11,855.435107913669,22.54,47.28655179856114,17.64
1972-07-01,107.2,3.07333,6.02667,41.9,6.11,845.0455751789976,22.45,47.50756358735084,17.4
1972-08-01,111.0,3.07667,6.08333,42.0,6.21,872.9172142857143,22.43,47.84003132595238,17.94
1972-09-01,109.4,3.08,6.14,42.1,6.55,858.2910736342044,22.4,48.17099809976247,17.61
1972-10-01,109.6,3.10333,6.23333,42.3,6.48,855.7946288416075,22.46,48.67199209669031,17.53
1972-11-01,115.1,3.12667,6.32667,42.4,6.28,896.6208561320756,22.57,49.284311658254715,18.34
1972-12-01,117.5,3.15,6.42,42.5,6.36,913.1629999999999,22.69,49.893672,18.65
1973-01-01,118.4,3.15667,6.54667,42.6,6.46,917.9974460093897,22.68,50.75866841103286,18.71
1973-02-01,114.2,3.16333,6.67333,42.9,6.64,879.2415058275059,22.57,51.37888544731935,17.89
1973-03-01,112.4,3.17,6.8,43.3,6.71,857.3887575057737,22.41,51.87049422632795,17.41
1973-04-01,110.3,3.18667,6.94333,43.6,6.67,835.5806857798166,22.37,52.59938751582568,16.94
1973-05-01,107.2,3.20333,7.08667,43.9,6.85,806.5469157175398,22.34,53.31839394783599,16.31
1973-06-01,104.8,3.22,7.23,44.2,6.9,783.1381538461538,22.3,54.027565384615386,15.81
1973-07-01,105.8,3.23667,7.38333,44.3,7.13,788.8261715575621,22.37,55.04880848058691,15.89
1973-08-01,103.8,3.25333,7.53667,45.1,7.4,760.1865498891352,22.08,55.19532914212861,15.28
1973-09-01,105.6,3.27,7.69,45.2,7.09,771.6579823008848,22.15,56.19365420353982,15.48
1973-10-01,109.8,3.30667,7.84667,45.6,6.79,795.3107763157894,22.2,56.83553013837719,15.91
1973-11-01,102.0,3.34333,8.00333,45.9,6.73,733.9844444444444,22.3,57.59136984074074,14.65
1973-12-01,94.78,3.38,8.16,46.2,6.74,677.6010939393939,22.4,58.337464935064936,13.49
1974-01-01,96.11,3.4,8.22667,46.6,6.99,681.2115929184549,22.34,58.3092599637339,13.53
1974-02-01,93.45,3.42,8.29333,47.2,6.96,653.9381536016949,22.18,58.034509442584735,12.96
1974-03-01,97.44,3.44,8.36,47.8,7.21,673.3002075313808,22.03,57.76672552301255,13.31
1974-04-01,92.46,3.46,8.48667,48.0,7.51,636.22689125,22.07,58.397660298125004,12.55
1974-05-01,89.67,3.48,8.61333,48.6,7.58,609.4109734567902,21.92,58.53750217469135,12.0
1974-06-01,89.79,3.5,8.74,49.0,7.54,605.2450708163266,21.87,58.91348612244898,11.89
1974-07-01,79.31,3.53,8.86333,49.4,7.81,530.2740451417004,21.88,59.26104971032389,10.39
1974-08-01,76.03,3.56,8.98667,50.0,8.04,502.2435358,21.8,59.3646838862,9.82
1974-09-01,68.12,3.59,9.11,50.6,8.04,444.65531936758896,21.72,59.46579505928853,8.68
1974-10-01,69.44,3.59333,9.03667,51.1,7.9,448.83651506849316,21.53,58.409957814285725,8.74
1974-11-01,71.74,3.59667,8.96333,51.5,7.68,460.1013557281553,21.38,57.48592535320388,8.95
1974-12-01,67.07,3.6,8.89,51.9,7.43,426.83528921001925,21.23,56.57619980732178,8.29
1975-01-01,72.56,3.62333,8.74333,52.1,7.5,460.0011531669866,21.29,55.42918801708254,8.92
1975-02-01,80.1,3.64667,8.59667,52.5,7.39,503.93274857142853,21.26,54.08418903447618,9.76
1975-03-01,83.78,3.67,8.45,52.7,7.73,525.0843935483871,21.32,52.959693548387094,10.16
1975-04-01,84.72,3.68333,8.28667,52.9,8.23,528.968297920605,21.32,51.73968042173914,10.23
1975-05-01,90.1,3.69667,8.12333,53.2,8.06,559.387204887218,21.27,50.433816460338335,10.82
1975-06-01,92.4,3.71,7.96,53.6,7.86,569.3856940298508,21.19,49.050975373134335,11.01
1975-07-01,92.49,3.71,7.89333,54.2,8.06,563.6309883763837,20.95,48.1016908798893,10.9
1975-08-01,85.71,3.71,7.82667,54.3,8.4,521.3519895027624,20.92,47.60763009779006,10.09
1975-09-01,84.67,3.71,7.76,54.6,8.43,512.1961228937729,20.8,46.94274139194139,9.92
1975-10-01,88.57,3.7,7.82667,54.9,8.14,532.8606741347905,20.63,47.087328129508194,10.33
1975-11-01,90.07,3.69,7.89333,55.3,8.05,537.9654703435805,20.43,47.1448760522604,10.44
1975-12-01,88.7,3.68,7.96,55.5,8.0,527.8736774774775,20.3,47.3717527927928,10.25
1976-01-01,96.86,3.68333,8.19333,55.6,7.74,575.3989205035971,20.28,48.672653699460426,11.19
1976-02-01,100.6,3.68667,8.42667,55.8,7.79,595.474476702509,20.23,49.879392729569894,11.59
1976-03-01,101.1,3.69,8.66,55.9,7.73,597.3635474060823,20.21,51.168826118067976,11.63
1976-04-01,101.9,3.71333,8.85667,56.1,7.56,599.9439696969697,20.26,52.144315584848485,11.69
1976-05-01,101.2,3.73667,9.05333,56.5,7.9,591.6044530973452,20.25,52.92480576442478,11.53
1976-06-01,101.8,3.76,9.25,56.8,7.86,591.9687922535212,20.26,53.78891285211268,11.54
1976-07-01,104.2,3.79,9.35,57.1,7.83,602.7413415061295,20.32,54.08475569176882,11.76
1976-08-01,103.3,3.82,9.45,57.4,7.77,594.4123153310105,20.37,54.377506097560975,11.6
1976-09-01,105.5,3.85,9.55,57.6,7.59,604.9637413194445,20.46,54.76212065972222,11.81
1976-10-01,101.9,3.91667,9.67,57.9,7.41,581.2928618307427,20.71,55.162924179620035,11.35
1976-11-01,101.2,3.98333,9.79,58.0,7.29,576.3043379310345,21.02,55.75118051724137,11.25
1976-12-01,104.7,4.05,9.91,58.2,6.87,594.1868917525773,21.3,56.240612199312714,11.6
1977-01-01,103.8,4.09667,9.96667,58.5,7.21,586.0583487179487,21.44,56.27215956085471,11.44
1977-02-01,101.0,4.14333,10.0233,59.1,7.39,564.4601184433164,21.46,56.01735747715737,11.01
1977-03-01,100.6,4.19,10.08,59.5,7.46,558.4449714285714,21.56,55.95552,10.9
1977-04-01,99.05,4.24667,10.1933,60.0,7.37,545.2586941666666,21.67,56.11292728166667,10.64
1977-05-01,98.76,4.30333,10.3067,60.3,7.46,540.9574905472638,21.85,56.45490651907131,10.55
1977-06-01,99.29,4.36,10.42,60.7,7.28,540.2766387149918,21.99,56.699391433278414,10.53
1977-07-01,100.2,4.40667,10.5167,61.0,7.33,542.546862295082,22.11,56.94413759180328,10.57
1977-08-01,97.75,4.45333,10.6133,61.2,7.4,527.5513194444444,22.28,57.279390472222225,10.27
1977-09-01,96.23,4.5,10.71,61.4,7.34,517.6562767100978,22.44,57.61299723127036,10.07
1977-10-01,93.74,4.55667,10.77,61.6,7.52,502.6244451298701,22.64,57.7476560064935,9.77
1977-11-01,94.28,4.61333,10.83,61.9,7.58,503.0698552504039,22.82,57.7879352180937,9.77
1977-12-01,93.82,4.67,10.89,62.1,7.69,499.00304766505633,23.02,57.9209463768116,9.68
1978-01-01,90.25,4.71333,10.9,62.5,7.96,476.943092,23.09,57.6030992,9.24
1978-02-01,88.98,4.75667,10.91,62.9,8.03,467.2411945945946,23.15,57.289294594594594,9.05
1978-03-01,88.82,4.8,10.92,63.4,8.04,462.72278012618295,23.18,56.88958296529969,8.95
1978-04-01,92.71,4.83667,11.0233,63.9,8.15,479.20913974960877,23.17,56.97838539749609,9.26
1978-05-01,97.41,4.87333,11.1267,64.5,8.35,498.8192423255814,23.13,56.97784686976744,9.63
1978-06-01,97.66,4.91,11.23,65.2,8.46,494.73028190184044,23.05,56.88942315950921,9.55
1978-07-01,97.19,4.94667,11.3433,65.7,8.64,488.6023846270928,23.05,57.02606677168949,9.43
1978-08-01,103.9,4.98333,11.4567,66.0,8.41,519.961253030303,23.11,57.334360804545454,10.02
1978-09-01,103.9,5.02,11.57,66.5,8.42,516.051769924812,23.11,57.46601518796992,9.94
1978-10-01,100.6,5.03667,11.8233,67.1,8.64,495.1933800298063,22.98,58.19900487183309,9.53
1978-11-01,94.71,5.05333,12.0767,67.4,8.81,464.1253713649851,22.95,59.18174292433234,8.93
1978-12-01,96.11,5.07,12.33,67.7,9.01,468.8989694239291,22.93,60.1552834564254,9.01
1979-01-01,99.71,5.11333,12.6533,68.3,9.1,482.1890926793557,22.92,61.19028428843338,9.26
1979-02-01,98.23,5.15667,12.9767,69.1,9.1,469.5322921852389,22.85,62.027687020260494,9.0
1979-03-01,100.1,5.2,13.3,69.8,9.12,473.6723395415473,22.81,62.935485673352446,9.07
1979-04-01,102.1,5.24667,13.5267,70.6,9.18,477.66168980169977,22.75,63.28292242351276,9.13
1979-05-01,99.73,5.29333,13.7533,71.5,9.25,460.70099146853147,22.66,63.5331289076923,8.79
1979-06-01,101.7,5.34,13.98,72.3,8.91,464.6030165975104,22.61,63.86578340248963,8.85
1979-07-01,102.7,5.39667,14.1967,73.1,8.95,464.0368139534885,22.6,64.14597309302326,8.83
1979-08-01,107.4,5.45333,14.4133,73.8,9.03,480.67030081300817,22.62,64.50693898238482,9.13
1979-09-01,108.6,5.51,14.63,74.6,9.33,480.8286836461126,22.61,64.77461916890081,9.11
1979-10-01,104.5,5.55667,14.7067,75.2,10.3,458.9842885638298,22.62,64.59468169015958,8.68
1979-11-01,103.7,5.60333,14.7833,75.9,10.65,451.26988274044794,22.6,64.33228599341238,8.52
1979-12-01,107.8,5.65,14.86,76.7,10.39,464.2188448500651,22.55,63.99157731421121,8.75
1980-01-01,110.9,5.7,15.0033,77.8,10.8,470.81611439588687,22.43,63.69517952313625,8.85
1980-02-01,115.3,5.75,15.1467,78.9,12.41,482.6715196451203,22.31,63.40746493155893,9.05
1980-03-01,104.7,5.8,15.29,80.1,12.75,431.7312996254682,22.17,63.048439076154814,8.08
1980-04-01,103.0,5.84667,15.1733,81.0,11.47,420.00220987654325,22.1,61.872034282716044,7.84
1980-05-01,107.7,5.89333,15.0567,81.8,10.18,434.87232396088024,22.06,60.796119964547685,8.1
1980-06-01,114.6,5.94,14.94,82.7,9.78,457.69743409915355,21.99,59.66840894800483,8.51
1980-07-01,119.8,5.98333,14.84,82.7,10.25,478.4655550181378,22.15,59.26902200725514,8.88
1980-08-01,123.5,6.02667,14.74,83.3,11.1,489.6901020408163,22.15,58.44560408163266,9.07
1980-09-01,126.5,6.07,14.64,84.0,11.51,497.40552976190475,22.12,57.56535142857143,9.2
1980-10-01,130.2,6.1,14.7,84.8,11.75,507.12439386792454,22.02,57.25597995283019,9.36
1980-11-01,135.7,6.13,14.76,85.5,12.68,524.219416374269,21.95,57.019002105263155,9.65
1980-12-01,133.5,6.16,14.82,86.3,12.84,510.93992468134417,21.85,56.72007253765933,9.39
1981-01-01,133.0,6.2,14.74,87.0,12.57,504.9306781609195,21.82,55.95998643678161,9.26
1981-02-01,128.4,6.24,14.66,87.9,13.19,482.4757815699659,21.73,55.0864093287827,8.83
1981-03-01,133.2,6.28,14.58,88.5,13.12,497.11895593220333,21.72,54.41437220338983,9.08
1981-04-01,134.4,6.31667,14.7233,89.1,13.68,498.2197441077442,21.7,54.57915742873176,9.09
1981-05-01,131.7,6.35333,14.8667,89.8,14.1,484.40521269487743,21.66,54.6811463596882,8.82
1981-06-01,132.3,6.39,15.01,90.6,13.47,482.31527483443716,21.59,54.72072770419427,8.77
1981-07-01,129.1,6.43333,15.0967,91.6,14.28,465.5112041484717,21.5,54.435964335152846,8.45
1981-08-01,129.6,6.47667,15.1833,92.3,14.94,463.7700195016251,21.48,54.33301957638137,8.4
1981-09-01,118.3,6.52,15.27,93.2,15.32,419.24529935622314,21.42,54.115602038626605,7.58
1981-10-01,119.8,6.55667,15.3,93.4,15.15,423.6520492505353,21.49,54.105812633832976,7.65
1981-11-01,122.9,6.59333,15.33,93.7,13.39,433.22315581643545,21.54,54.0383318036286,7.81
1981-12-01,123.8,6.63,15.36,94.0,13.72,435.0029085106383,21.59,53.971281702127655,7.83
1982-01-01,117.3,6.66,15.1767,94.3,14.59,410.85226829268294,21.62,53.15755856945918,7.39
1982-02-01,114.5,6.69,14.9933,94.6,14.43,399.77323995771667,21.65,52.348647324524315,7.18
1982-03-01,110.8,6.72,14.81,94.5,13.86,387.2641735449735,21.77,51.76337915343915,6.95
1982-04-01,116.3,6.75,14.5967,94.9,13.87,404.77424552160164,21.77,50.802822266596415,7.26
1982-05-01,116.4,6.78,14.3833,95.8,13.62,401.31633820459297,21.67,49.5898048736952,7.19
1982-06-01,109.7,6.81,14.17,97.0,14.3,373.53754742268046,21.49,48.25001865979381,6.69
1982-07-01,109.4,6.82333,13.9667,97.5,13.95,370.60568410256417,21.42,47.31387941641026,6.64
1982-08-01,109.7,6.83667,13.7633,97.7,13.06,370.86122927328563,21.42,46.52939249641761,6.64
1982-09-01,122.4,6.85,13.56,97.9,12.34,412.9505944841675,21.42,45.74844821246169,7.4
1982-10-01,132.7,6.85667,13.2533,98.2,10.91,446.3328014256619,21.37,44.577110151731155,8.0
1982-11-01,138.1,6.86333,12.9467,98.0,10.55,465.4435030612244,21.44,43.63473860306122,8.35
1982-12-01,139.4,6.87,12.64,97.6,10.54,471.7504528688525,21.55,42.77565081967213,8.47
1983-01-01,144.3,6.88333,12.5667,97.8,10.46,487.3341503067485,21.55,42.44062416257669,8.76
1983-02-01,146.8,6.89667,12.4933,97.9,10.72,495.270811031665,21.57,42.14963776200204,8.91
1983-03-01,151.9,6.91,12.42,97.9,10.51,512.4770858018386,21.61,41.902339734422874,9.23
1983-04-01,157.7,6.92,12.4767,98.6,10.4,528.2678103448276,21.48,41.79479384482759,9.53
1983-05-01,164.1,6.93,12.5333,99.2,10.38,546.3818679435484,21.39,41.73045621875,9.87
1983-06-01,166.4,6.94,12.59,99.5,10.85,552.3693989949749,21.35,41.79285296482412,10.0
1983-07-01,167.0,6.96,12.8267,99.9,11.38,552.1414514514514,21.33,42.40810033133133,10.01
1983-08-01,162.4,6.98,13.0633,100.2,11.85,535.3251816367266,21.33,43.06104338223553,9.73
1983-09-01,167.2,7.0,13.3,100.7,11.65,548.4110188679246,21.28,43.62360377358491,9.98
1983-10-01,167.7,7.03,13.5433,101.0,11.54,548.4171891089109,21.31,44.28967511782179,10.0
1983-11-01,165.2,7.06,13.7867,101.2,11.69,539.1739486166008,21.36,44.99654647332015,9.85
1983-12-01,164.4,7.09,14.03,101.3,11.83,536.0332596248767,21.43,45.745417472852914,9.82
1984-01-01,166.4,7.12,14.44,101.9,11.67,539.3597173699706,21.39,46.80501393523061,9.89
1984-02-01,157.3,7.15,14.85,102.4,11.84,507.3739150390625,21.38,47.89893603515625,9.32
1984-03-01,157.4,7.18,15.26,102.6,12.32,506.7068050682262,21.42,49.12545009746589,9.33
1984-04-01,157.6,7.22333,15.5733,103.1,12.63,504.8901726479147,21.45,49.89090181280311,9.31
1984-05-01,156.6,7.26667,15.8867,103.4,13.41,500.23098452611214,21.51,50.74725148065764,9.23
1984-06-01,153.1,7.31,16.2,103.7,13.56,487.63604918032786,21.58,51.59832786885245,9.01
1984-07-01,151.1,7.33333,16.32,104.1,13.36,479.41664073006723,21.57,51.780804610951016,8.87
1984-08-01,164.4,7.35667,16.44,104.5,12.72,519.6188440191388,21.55,51.961884401913885,9.62
1984-09-01,166.1,7.38,16.56,105.0,12.52,522.4920695238095,21.52,52.09192457142857,9.69
1984-10-01,164.8,7.43,16.5867,105.3,12.16,516.9257967711302,21.6,52.02726403703704,9.6
1984-11-01,166.3,7.48,16.6133,105.3,11.57,521.6308252611586,21.75,52.110699875593546,9.69
1984-12-01,164.5,7.53,16.64,105.3,11.5,515.9847910731244,21.89,52.19444938271605,9.6
1985-01-01,171.6,7.57333,16.5567,105.5,11.38,537.2348701421801,21.98,51.83471197251185,10.0
1985-02-01,180.9,7.61667,16.4733,106.0,11.51,563.6792801886793,22.0,51.330336574528296,10.49
1985-03-01,179.4,7.66,16.39,106.4,11.86,556.9037988721805,22.04,50.878780733082706,10.37
1985-04-01,180.6,7.68667,16.13,106.9,11.43,558.0066959775492,22.01,49.83747511693171,10.4
1985-05-01,184.9,7.71333,15.87,107.3,10.85,569.1628676607643,22.01,48.85135051258155,10.61
1985-06-01,188.9,7.74,15.61,107.6,10.16,579.8545325278811,22.02,47.91704210037175,10.81
1985-07-01,192.5,7.77333,15.4833,107.8,10.31,589.8089285714286,22.07,47.439940694805195,11.0
1985-08-01,188.3,7.80667,15.3567,108.0,10.33,575.8719620370371,22.13,46.964912158333334,10.74
1985-09-01,184.1,7.84,15.23,108.3,10.37,561.4676020313942,22.16,46.44840618651893,10.47
1985-10-01,186.2,7.86,15.0233,108.7,10.24,565.7824894204232,22.14,45.649409631094755,10.55
1985-11-01,197.5,7.88,14.8167,109.0,9.78,598.4666743119266,22.13,44.89772745963303,11.16
1985-12-01,207.3,7.9,14.61,109.3,9.26,626.4385992680697,22.13,44.149869441903014,11.69
1986-01-01,208.2,7.94,14.58,109.6,9.19,627.436155109489,22.18,43.93861259124088,11.72
1986-02-01,219.4,7.98,14.55,109.3,8.7,663.0035150960659,22.35,43.96855580969809,12.39
1986-03-01,232.3,8.02,14.52,108.8,7.78,705.211984375,22.57,44.079543750000006,13.19
1986-04-01,238.0,8.04667,14.5833,108.6,7.3,723.8465377532228,22.68,44.353240395027626,13.55
1986-05-01,238.5,8.07333,14.6467,108.9,7.71,723.3689669421487,22.69,44.423346952249766,13.56
1986-06-01,245.3,8.1,14.71,109.5,7.8,739.9166474885845,22.65,44.370867853881286,13.89
1986-07-01,240.2,8.14333,14.7567,109.5,7.3,724.5331378995434,22.77,44.511732539726026,13.62
1986-08-01,245.0,8.18667,14.8033,109.7,7.17,737.6644029170465,22.85,44.57088757429353,13.89
1986-09-01,238.3,8.23,14.85,110.2,7.45,714.2361333938295,22.86,44.50863021778584,13.47
1986-10-01,237.4,8.24667,14.7267,110.3,7.43,710.8935466908432,22.89,44.099056419764274,13.43
1986-11-01,245.1,8.26333,14.6033,110.4,7.25,733.2863614130434,22.91,43.689925424818846,13.87
1986-12-01,248.6,8.28,14.48,110.5,7.11,743.0845230769231,22.94,43.281833846153845,14.09
1987-01-01,264.5,8.3,14.6867,111.2,7.08,785.6339793165467,22.85,43.62332916456835,14.92
1987-02-01,280.9,8.32,14.8933,111.6,7.25,831.3557679211469,22.82,44.078429542114705,15.82
1987-03-01,292.5,8.34,15.1,112.1,7.25,861.8260704727921,22.78,44.4908501338091,16.43
1987-04-01,289.3,8.4,14.8733,112.7,8.02,847.8594933451642,22.82,43.5895907444543,16.2
1987-05-01,289.1,8.46,14.6467,113.1,8.61,844.2768019451813,22.9,42.773673590627766,16.16
1987-06-01,301.4,8.52,14.42,113.5,8.4,877.0952440528633,22.98,41.9632163876652,16.83
1987-07-01,310.1,8.56667,14.9,113.8,8.45,900.0339130052726,23.04,43.24574428822496,17.31
1987-08-01,329.4,8.61333,15.38,114.4,8.76,951.0359632867131,23.05,44.4047756993007,18.33
1987-09-01,318.7,8.66,15.86,115.0,9.42,915.3424269565216,23.05,45.551712869565215,17.68
1987-10-01,280.2,8.71,16.4067,115.3,9.52,802.672147441457,23.13,46.99929022636601,15.53
1987-11-01,245.0,8.76,16.9533,115.4,8.86,701.2286395147314,23.24,48.52301834402079,13.59
1987-12-01,241.0,8.81,17.5,115.4,8.99,689.7800086655112,23.37,50.08775996533796,13.39
1988-01-01,250.5,8.85667,17.8633,115.7,8.67,715.1114649956785,23.43,50.99501250561798,13.9
1988-02-01,258.1,8.90333,18.2267,116.0,8.21,734.901925,23.5,51.89785709568966,14.3
1988-03-01,265.7,8.95,18.59,116.5,8.37,753.2948506437768,23.52,52.70512334763949,14.67
1988-04-01,262.6,9.04333,19.6167,117.1,8.72,740.6912194705382,23.64,55.3309879854825,14.43
1988-05-01,256.1,9.13667,20.6433,117.5,9.09,719.8981897872342,23.8,58.02840414382979,14.03
1988-06-01,270.7,9.23,21.67,118.0,8.92,757.7145347457626,23.95,60.65635008474577,14.77
1988-07-01,269.1,9.30667,22.0233,118.5,9.06,750.0577746835444,24.04,61.385163096202525,14.61
1988-08-01,263.7,9.38333,22.3767,119.0,9.26,731.9181857142858,24.14,62.10812918571428,14.24
1988-09-01,268.0,9.46,22.73,119.8,8.98,738.8858430717863,24.17,62.66744482470785,14.37
1988-10-01,277.4,9.55,23.0733,120.2,8.8,762.2568901830283,24.32,63.402241904326125,14.81
1988-11-01,271.0,9.64,23.4167,120.3,8.96,744.0515627597673,24.53,64.29236985120532,14.45
1988-12-01,276.5,9.75,23.75,120.5,9.11,757.8922365145229,24.77,65.09924273858921,14.7
1989-01-01,285.4,9.81333,24.16,121.1,9.09,778.4114137076796,24.81,65.89495359207267,15.09
1989-02-01,294.0,9.89667,24.56,121.6,9.17,798.5702467105264,24.91,66.71049407894738,15.47
1989-03-01,292.7,10.01,24.96,122.3,9.36,790.4886434995913,25.06,67.40893932951758,15.3
1989-04-01,302.3,10.0867,25.0467,123.1,9.18,811.1094549147035,25.08,67.20349052071488,15.69
1989-05-01,313.9,10.1933,25.1333,123.8,8.86,837.4715080775444,25.21,67.0545481171244,16.19
1989-06-01,323.7,10.37,25.22,124.1,8.28,861.5297671232877,25.58,67.12320273972604,16.64
1989-07-01,331.9,10.4233,24.71,124.4,8.02,881.2238480707395,25.65,65.60723496784566,17.01
1989-08-01,346.6,10.5467,24.2,124.6,8.11,918.7765152487963,25.91,64.1500048154093,17.73
1989-09-01,347.3,10.73,23.69,125.0,8.19,917.6860712,26.28,62.597129360000004,17.71
1989-10-01,347.4,10.7967,23.4267,125.6,8.01,913.5651926751592,26.32,61.60569285907644,17.64
1989-11-01,340.2,10.9233,23.1633,125.9,7.87,892.4994328832406,26.56,60.76787805321683,17.24
1989-12-01,348.6,11.06,22.87,126.1,7.84,913.0859619349724,26.85,59.90325860428233,17.65
1990-01-01,339.97,11.14,22.49,127.4,8.21,881.394907456829,26.77,58.30682551020408,17.05
1990-02-01,330.45,11.23,22.08,128.0,8.47,852.697826953125,26.86,56.975542499999996,16.51
1990-03-01,338.46,11.32,21.67,128.7,8.59,868.616696037296,26.93,55.613436752136764,16.83
1990-04-01,338.18,11.4367,21.5333,128.9,8.79,866.5514875096975,27.16,55.17686778044996,16.81
1990-05-01,350.25,11.5533,21.3967,129.2,8.76,895.3956907894737,27.37,54.69953740789474,17.39
1990-06-01,360.39,11.66,21.26,129.9,8.48,916.3533046189376,27.48,54.05719153194765,17.82
1990-07-01,360.03,11.7267,21.42,130.4,8.47,911.9278281441717,27.53,54.25518450920246,17.75
1990-08-01,330.75,11.7833,21.58,131.6,8.75,830.1246941489362,27.41,54.16202841945289,16.17
1990-09-01,315.41,11.83,21.74,132.7,8.89,785.0619075357952,27.29,54.11130233609646,15.3
1990-10-01,307.12,11.9267,21.6067,133.5,8.72,759.847087340824,27.35,53.45724167116105,14.82
1990-11-01,315.29,12.0133,21.4733,133.8,8.39,778.3115094917788,27.49,53.008076807922265,15.19
1990-12-01,328.75,12.09,21.34,133.8,8.08,811.538294095665,27.66,52.67901808669656,15.85
1991-01-01,325.49,12.1067,21.1833,134.6,8.09,798.7152196879643,27.53,51.98139455349183,15.61
1991-02-01,362.26,12.1133,21.0267,134.8,7.85,887.6256838278931,27.51,51.520562485905046,17.35
1991-03-01,372.28,12.11,20.94,135.0,8.11,910.8257632592591,27.46,51.23211422222222,17.82
1991-04-01,379.68,12.13,20.3633,135.2,8.04,927.5565550295859,27.47,49.74745153032545,18.16
1991-05-01,377.99,12.14,19.8567,135.6,8.07,920.7039164454278,27.41,48.36673313495576,18.04
1991-06-01,378.29,12.15,19.41,136.0,8.28,918.7245512500001,27.35,47.13961125,18.02
1991-07-01,380.23,12.1933,18.84,136.2,8.27,922.0800836270192,27.41,45.68810660792952,18.1
1991-08-01,389.4,12.2367,18.33,136.6,7.9,941.5526661786237,27.42,44.32116171303075,18.51
1991-09-01,387.2,12.28,17.82,137.2,7.65,932.1388454810495,27.4,42.89957186588922,18.36
1991-10-01,386.88,12.2533,17.2033,137.4,7.53,930.0127790393012,27.3,41.35465478093158,18.35
1991-11-01,385.92,12.2267,16.5867,137.8,7.42,925.0121521044993,27.16,39.756682896226415,18.29
1991-12-01,388.51,12.2,15.97,137.9,7.09,930.5448399564901,27.08,38.250755692530824,18.44
1992-01-01,416.08,12.24,16.0467,138.1,7.03,995.1362160753077,27.13,38.37880291889935,19.77
1992-02-01,412.56,12.28,16.1233,138.6,7.34,983.1578649350649,27.12,38.422894133477634,19.58
1992-03-01,407.36,12.32,16.19,139.3,7.54,965.8876990667624,27.07,38.387966044508254,19.28
1992-04-01,407.41,12.32,16.4833,139.5,7.48,964.621298422939,27.04,39.02737352616488,19.3
1992-05-01,414.81,12.32,16.7667,139.7,7.39,980.7361440944884,27.0,39.64154361560487,19.66
1992-06-01,408.27,12.32,17.05,140.2,7.26,961.8311206134094,26.9,40.167586661911564,19.32
1992-07-01,415.05,12.3433,17.38,140.5,6.84,975.7160829181495,26.89,40.857596725978645,19.62
1992-08-01,417.93,12.3667,17.71,140.9,6.59,979.6973278211498,26.87,41.51518119233499,19.72
1992-09-01,418.48,12.4,18.04,141.3,6.42,978.2095869780609,26.86,42.16904260438782,19.71
1992-10-01,412.5,12.3867,18.39,141.8,6.59,960.8311882933708,26.74,42.83560133991537,19.37
1992-11-01,422.84,12.3833,18.74,142.0,6.87,983.5288177464788,26.7,43.589371971830985,19.83
1992-12-01,435.64,12.39,19.09,141.9,6.77,1014.0158035236082,26.73,44.43476652572234,20.45
1993-01-01,435.23,12.4133,19.34,142.6,6.6,1008.0885160589062,26.65,44.79569859747546,20.32
1993-02-01,441.7,12.4467,19.59,143.1,6.26,1019.4997770789658,26.63,45.216211530398326,20.55
1993-03-01,450.16,12.48,19.84,143.6,5.98,1035.4087526462397,26.6,45.63379610027856,20.86
1993-04-01,443.08,12.4933,19.67,144.0,5.97,1016.2932113888887,26.56,45.117106319444446,20.46
1993-05-01,445.25,12.5067,19.5,144.2,6.04,1019.8540794036062,26.55,44.665142163661585,20.52
1993-06-01,448.06,12.52,19.33,144.4,5.96,1024.8689860110803,26.54,44.21442998614958,20.61
1993-07-01,447.29,12.52,19.69,144.4,5.81,1023.1077283240996,26.54,45.037875138504155,20.56
1993-08-01,454.13,12.52,20.05,144.8,5.68,1035.8837022790055,26.47,45.73463156077348,20.81
1993-09-01,459.24,12.52,20.41,145.1,5.36,1045.3739305306685,26.41,46.459546037215716,20.99
1993-10-01,463.9,12.54,20.9,145.7,5.33,1051.632962937543,26.35,47.37902333562114,21.11
1993-11-01,462.89,12.56,21.39,145.8,5.72,1048.623640397805,26.37,48.45656563786008,21.04
1993-12-01,465.95,12.58,21.89,145.8,5.77,1055.555715706447,26.41,49.589257681755825,21.16
1994-01-01,472.99,12.6233,22.1567,146.2,5.75,1068.572408139535,26.43,50.05610747674419,21.41
1994-02-01,471.58,12.6667,22.4333,146.7,5.97,1061.7557800954328,26.43,50.508261464894346,21.26
1994-03-01,463.81,12.71,22.71,147.2,6.48,1040.7146489809784,26.43,50.957568138586964,20.83
1994-04-01,447.23,12.7533,23.54,147.4,6.97,1002.150192605156,26.49,52.748285074626864,20.06
1994-05-01,450.9,12.7967,24.37,147.5,7.18,1009.6889064406779,26.56,54.57112142372882,20.2
1994-06-01,454.83,12.84,25.2,148.0,7.1,1015.0484134459459,26.56,56.23907837837837,20.29
1994-07-01,451.4,12.87,25.91,148.4,7.3,1004.6783032345012,26.55,57.66773335579515,20.07
1994-08-01,464.24,12.9,26.62,149.0,7.24,1029.0954518120805,26.5,59.00939369127517,20.54
1994-09-01,466.96,12.92,27.33,149.4,7.46,1032.3535427041497,26.47,60.42106887550201,20.58
1994-10-01,463.81,13.0133,28.42,149.5,7.74,1024.703654381271,26.65,62.788809765886285,20.4
1994-11-01,461.01,13.0967,29.51,149.7,7.96,1017.1568198396795,26.78,65.10986259185037,20.21
1994-12-01,455.19,13.17,30.6,149.7,7.81,1004.3157693386776,26.93,67.51480160320642,19.91
1995-01-01,465.25,13.18,31.25,150.3,7.78,1022.4139604125083,26.84,68.67369427811045,20.22
1995-02-01,481.92,13.18,31.9,150.9,7.47,1054.8363324055667,26.74,69.82337110669317,20.8
1995-03-01,493.15,13.17,32.55,151.4,7.2,1075.852000990753,26.63,71.01081340819022,21.15
1995-04-01,507.91,13.2433,33.1767,151.9,7.06,1104.4049876892693,26.69,72.13977467478604,21.64
1995-05-01,523.81,13.3067,33.8033,152.2,6.63,1136.7330902102497,26.76,73.35738086005257,22.2
1995-06-01,539.35,13.36,34.43,152.5,6.17,1168.1542921311475,26.82,74.57041304918033,22.72
1995-07-01,557.37,13.44,34.68,152.5,6.28,1207.1830125245901,26.98,75.11187698360656,23.38
1995-08-01,559.11,13.51,34.93,152.9,6.49,1207.78364440811,27.05,75.45542504905167,23.28
1995-09-01,578.77,13.58,35.18,153.2,6.2,1247.8046971932115,27.14,75.84665626631855,23.95
1995-10-01,582.92,13.65,34.7733,153.7,6.04,1252.6636015614836,27.19,74.72594389655173,23.93
1995-11-01,595.53,13.72,34.3667,153.6,5.93,1280.5949888671873,27.34,73.9002633014323,24.35
1995-12-01,614.57,13.79,33.96,153.5,5.71,1322.398495179153,27.5,73.07329172638437,25.03
1996-01-01,614.42,13.8933,33.9867,154.4,5.65,1314.3693332901553,27.55,72.70446310297928,24.76
1996-02-01,649.54,13.9967,34.0133,154.9,5.81,1385.0130098127825,27.66,72.52650030277599,25.98
1996-03-01,647.07,14.1,34.04,155.7,6.27,1372.6569782273607,27.72,72.21049274245344,25.63
1996-04-01,647.17,14.1567,34.33,156.3,6.51,1367.5989815099167,27.73,72.54612085732565,25.42
1996-05-01,661.23,14.2133,34.62,156.6,6.74,1394.6337189655173,27.78,73.01879731800767,25.81
1996-06-01,668.5,14.27,34.91,156.7,6.91,1409.0674569240587,27.88,73.58346285896617,25.97
1996-07-01,644.07,14.4,35.2733,157.0,6.87,1354.9796975159236,28.08,74.20715972547771,24.86
1996-08-01,662.68,14.53,35.6367,157.3,6.64,1391.472124856961,28.28,74.82868755944055,25.41
1996-09-01,674.88,14.66,36.0,157.8,6.83,1412.5991117870722,28.44,75.35201520912547,25.68
1996-10-01,701.46,14.74,36.91,158.3,6.53,1463.5965115603285,28.5,77.01272665824382,26.48
1996-11-01,735.67,14.82,37.82,158.6,6.2,1532.0722024590164,28.61,78.76217692307694,27.59
1996-12-01,743.25,14.9,38.73,158.6,6.3,1547.857958701135,28.76,80.65730069356871,27.72
1997-01-01,766.22,14.9533,39.2333,159.1,6.58,1590.679462350723,28.77,81.44867603331238,28.33
1997-02-01,798.39,15.0067,39.7367,159.6,6.42,1652.2721069548872,28.78,82.23529983145363,29.27
1997-03-01,792.16,15.06,40.24,160.0,6.69,1635.280643,28.81,83.0686895,28.8
1997-04-01,763.93,15.0933,40.3433,160.2,6.89,1575.035777091136,28.84,83.1779624650437,27.59
1997-05-01,833.09,15.1267,40.4467,160.1,6.71,1718.6995338538416,28.92,83.44323474765771,29.93
1997-06-01,876.29,15.16,40.55,160.3,6.49,1805.5673922021208,28.95,83.55197223955084,31.26
1997-07-01,925.29,15.2167,40.58,160.5,6.22,1904.1545792523364,29.02,83.50959464174456,32.77
1997-08-01,927.24,15.2733,40.61,160.8,6.3,1904.607470895522,29.08,83.41541498756219,32.59
1997-09-01,937.02,15.33,40.64,161.2,6.21,1919.9202658808933,29.11,83.26989776674938,32.67
1997-10-01,951.16,15.3867,40.3333,161.6,6.03,1944.0686254950497,29.15,82.43692238180694,32.9
1997-11-01,938.92,15.4433,40.0267,161.5,5.88,1920.2396505263157,29.27,81.86092150526315,32.34
1997-12-01,962.37,15.5,39.72,161.3,5.81,1970.6390230006198,29.42,81.33439528828269,33.03
1998-01-01,963.36,15.55,39.66,161.6,5.54,1969.0041118811882,29.46,81.06076967821782,32.86
1998-02-01,1023.74,15.6,39.6,161.9,5.57,2088.5370958616427,29.5,80.78815812229772,34.71
1998-03-01,1076.83,15.64,39.54,162.2,5.65,2192.7830529593093,29.52,80.51655499383477,36.3
1998-04-01,1112.2,15.75,39.35,162.5,5.64,2260.6269206153847,29.67,79.98172030769231,37.28
1998-05-01,1108.42,15.85,39.16,162.8,5.65,2248.792180958231,29.8,79.44885675675674,36.96
1998-06-01,1108.39,15.95,38.97,163.0,5.5,2245.9721366257672,29.96,78.96636938650308,36.8
1998-07-01,1156.58,16.0167,38.6767,163.2,5.46,2340.7492520833334,30.04,78.27600044791666,38.26
1998-08-01,1074.62,16.0833,38.3833,163.4,5.34,2172.2121399020803,30.13,77.58711938127294,35.42
1998-09-01,1020.64,16.14,38.09,163.6,4.81,2060.5760850855745,30.2,76.90012451100246,33.53
1998-10-01,1032.47,16.1667,37.9633,164.0,4.53,2079.375693353659,30.18,76.45739174939024,33.77
1998-11-01,1144.43,16.1833,37.8367,164.0,4.83,2304.861085304878,30.21,76.2024216652439,37.37
1998-12-01,1190.05,16.2,37.71,163.9,4.65,2398.2012486272115,30.26,75.99358773642466,38.82
1999-01-01,1248.77,16.28333333,37.93333333,164.3,4.72,2510.4077273889225,30.34,76.25754391701577,40.58
1999-02-01,1246.58,16.36666667,38.15666667,164.5,5.0,2502.9583461398174,30.46,76.61325169868881,40.4
1999-03-01,1281.66,16.45,38.38,165.0,5.23,2565.5959174545455,30.52,76.82815357575758,41.36
1999-04-01,1334.76,16.45,39.26,166.2,5.18,2652.598584115524,30.3,78.0222814681107,42.7
1999-05-01,1332.07,16.45,40.14,166.2,5.54,2647.252686582431,30.3,79.77112527075813,42.56
1999-06-01,1322.55,16.45,41.02,166.2,5.9,2628.3333763537908,30.3,81.51996907340555,42.18
1999-07-01,1380.99,16.513333333333335,42.0,166.7,5.79,2736.2407322735457,30.33,83.2171925614877,43.83
1999-08-01,1327.49,16.576666666666668,42.98,167.1,5.94,2623.9416790544587,30.37,84.95507564332735,41.93
1999-09-01,1318.17,16.64,43.96,167.9,5.92,2593.1049661107804,30.34,86.4781434187016,41.32
1999-10-01,1300.01,16.656666666666666,45.36333333333334,168.2,6.11,2552.819280202141,30.32,89.07961627031312,40.55
1999-11-01,1391.0,16.673333333333332,46.76666666666667,168.3,6.03,2729.872626262626,30.33,91.78076430976432,43.21
1999-12-01,1428.68,16.69,48.17,168.3,6.28,2803.820577777778,30.36,94.53484141414141,44.2
2000-01-01,1425.59,16.713333333333335,49.09666666666667,168.8,6.66,2789.4691816943127,30.31,96.0680410150079,43.77
2000-02-01,1388.87,16.736666666666668,50.02333333333333,169.8,6.52,2701.6138922850405,30.17,97.30481058107577,42.19
2000-03-01,1442.21,16.76,50.95,171.2,6.26,2782.429132768692,29.97,98.29689456775702,43.22
2000-04-01,1461.36,16.740000000000002,51.27333333333333,171.3,5.99,2817.7290045534146,29.92,98.86294855030162,43.53
2000-05-01,1418.48,16.72,51.59666666666667,171.5,6.44,2731.8601436734693,29.85,99.37036631681245,41.97
2000-06-01,1461.96,16.7,51.92,172.4,6.1,2800.8999668213455,29.65,99.4710705336427,42.78
2000-07-01,1473.0,16.583333333333332,52.51333333333334,172.8,6.05,2815.518454861111,29.38,100.37492133487656,42.76
2000-08-01,1485.46,16.46666666666667,53.10666666666666,172.8,5.83,2839.3347209490744,29.17,101.50902924382716,42.87
2000-09-01,1468.05,16.35,53.7,173.7,5.8,2791.5177815198617,28.82,102.11130742659759,41.9
2000-10-01,1390.14,16.323333333333334,52.46666666666667,174.0,5.74,2638.813281724138,28.72,99.59409616858238,39.37
2000-11-01,1378.04,16.296666666666667,51.23333333333333,174.1,5.72,2614.342135094773,28.66,97.19707849894696,38.78
2000-12-01,1330.93,16.27,50.0,174.0,5.24,2526.418749942529,28.62,94.91178160919542,37.27
2001-01-01,1335.63,16.169999999999998,48.48,175.1,5.16,2519.4131330097093,28.27,91.44834174757281,36.98
2001-02-01,1305.75,16.07,46.96,175.8,5.1,2453.2428029010234,27.98,88.22843731513083,35.83
2001-03-01,1185.85,15.97,45.44,176.2,4.89,2222.9168788308743,27.75,85.1788531214529,32.33
2001-04-01,1189.84,15.876666666666663,42.556666666666665,176.9,5.14,2221.5705094403615,27.47,79.45827644620313,32.17
2001-05-01,1270.37,15.783333333333331,39.67333333333333,177.7,5.39,2361.251088407428,27.19,73.74127341962108,34.07
2001-06-01,1238.71,15.69,36.79,178.0,5.28,2298.5238316292134,26.98,68.26673859550561,33.07
2001-07-01,1204.45,15.706666666666669,33.96333333333333,177.5,5.24,2241.247345633803,27.09,63.199162009389674,32.16
2001-08-01,1178.5,15.723333333333333,31.136666666666667,177.5,4.97,2192.95943943662,27.12,57.93928475117371,31.4
2001-09-01,1044.64,15.74,28.31,178.3,4.73,1935.1501936062816,27.02,52.44304447560291,27.67
2001-10-01,1076.59,15.740000000000002,27.10333333333333,177.7,4.57,2001.070010523354,27.12,50.377272237854065,28.58
2001-11-01,1129.68,15.740000000000002,25.896666666666665,177.4,4.65,2103.299866065389,27.16,48.21582707628711,30.01
2001-12-01,1144.93,15.74,24.69,176.7,5.09,2140.137886191285,27.27,46.15129694397284,30.5
2002-01-01,1140.21,15.736666666666668,24.69333333333333,177.1,5.04,2126.5013073404857,27.2,46.05327581404103,30.28
2002-02-01,1100.67,15.733333333333334,24.69666666666667,177.8,4.91,2044.677144600675,27.09,45.878155924259474,29.09
2002-03-01,1153.79,15.73,24.7,178.8,5.28,2131.3689064317673,26.93,45.62772427293065,30.29
2002-04-01,1111.93,15.833333333333332,25.38,179.8,5.21,2042.6178837041157,26.96,46.62311646273637,29.01
2002-05-01,1079.25,15.936666666666667,26.06,179.8,5.16,1982.5846510011122,27.13,47.872277975528355,28.13
2002-06-01,1014.02,16.04,26.74,179.9,4.93,1861.7215556420235,27.29,49.09413463035019,26.39
2002-07-01,903.59,15.96,27.84,180.1,4.65,1657.1318815657967,27.13,51.056952359800114,23.46
2002-08-01,912.55,15.88,28.94,180.7,4.26,1668.0070677919205,26.9,52.89805987825125,23.59
2002-09-01,867.81,15.8,30.04,181.0,3.87,1583.599825027624,26.72,54.81768906077348,22.37
2002-10-01,854.63,15.89,29.223333333333333,181.3,3.94,1556.968045173745,26.83,53.23917505056076,21.96
2002-11-01,909.93,15.98,28.406666666666663,181.3,4.05,1657.7137864864862,26.98,51.75136874425445,23.35
2002-12-01,899.18,16.07,27.59,180.9,4.03,1641.7515740187948,27.19,50.37470353786622,23.1
2003-01-01,895.84,16.119999999999997,28.5,181.7,4.05,1628.4517397908644,27.16,51.80710236653825,22.9
2003-02-01,837.03,16.169999999999998,29.41,183.1,3.9,1509.9134341343529,27.03,53.05252392135445,21.21
2003-03-01,846.63,16.22,30.32,184.2,3.81,1518.1105460912054,26.96,54.36744712269273,21.31
2003-04-01,890.03,16.203333333333333,31.73,183.8,3.96,1599.40521648531,26.99,57.019569586507075,22.43
2003-05-01,935.96,16.186666666666667,33.13999999999999,183.5,3.57,1684.6922958038147,27.0,59.6507358038147,23.59
2003-06-01,988.0,16.17,34.55,183.7,3.33,1776.4261513336962,26.95,62.12097523135547,24.83
2003-07-01,992.54,16.310000000000002,35.89333333333333,183.9,3.98,1782.6482556824362,27.15,64.46610520210258,24.87
2003-08-01,989.53,16.450000000000003,37.236666666666665,184.6,4.45,1770.5028834777897,27.28,66.62519145901048,24.64
2003-09-01,1019.44,16.59,38.58,185.2,4.27,1818.1095892008643,27.42,68.80509686825054,25.24
2003-10-01,1038.73,16.85666666666667,41.96666666666667,185.0,4.29,1854.5148534594593,27.89,74.92592558558559,25.68
2003-11-01,1049.9,17.123333333333335,45.35333333333333,184.5,4.3,1879.5372395663958,28.41,81.19180773261066,25.95
2003-12-01,1080.64,17.39,48.74,184.3,4.27,1936.6675394465547,28.89,87.34932620727075,26.64
2004-01-01,1132.52,17.6,49.82666666666668,185.2,4.15,2019.7809306695467,29.09,88.86284672426208,27.66
2004-02-01,1143.36,17.810000000000002,50.91333333333333,186.2,4.08,2028.162215252417,29.28,90.31319874686716,27.65
2004-03-01,1123.98,18.02,52.0,187.4,3.83,1981.0177488794022,29.44,91.65013874066169,26.89
2004-04-01,1133.36,18.21333333333333,53.38333333333333,188.0,4.35,1991.174864255319,29.66,93.78798572695037,26.9
2004-05-01,1102.78,18.406666666666663,54.76666666666667,189.1,4.72,1926.1793471179271,29.8,95.65862841530056,25.9
2004-06-01,1132.76,18.6,56.15,189.7,4.73,1972.2862344754878,30.02,97.76463863995782,26.4
2004-07-01,1105.85,18.78666666666667,56.69,189.4,4.5,1928.4821227560717,30.36,98.86119413938754,25.7
2004-08-01,1088.94,18.973333333333333,57.23,189.5,4.28,1897.9908148812665,30.65,99.75022897097625,25.17
2004-09-01,1117.66,19.16,57.77,189.9,4.13,1943.9456260136915,30.89,100.47933970510795,25.67
2004-10-01,1117.21,19.25333333333333,58.03,190.9,4.1,1932.9839839182819,30.87,100.40284332111052,25.41
2004-11-01,1168.94,19.346666666666668,58.29,191.0,4.19,2021.4277456544503,31.01,100.79988989528796,26.47
2004-12-01,1199.21,19.44,58.55,190.3,4.23,2081.4013059905415,31.27,101.62193983184444,27.14
2005-01-01,1181.41,19.703333333333333,59.10666666666666,190.7,4.22,2046.2058370739385,31.63,102.37293263415486,26.59
2005-02-01,1199.63,19.96666666666667,59.66333333333333,191.8,4.17,2065.846671480709,31.87,102.74442834549878,26.74
2005-03-01,1194.9,20.23,60.22,193.3,4.5,2041.7336042421107,32.04,102.89831588204864,26.34
2005-04-01,1164.43,20.46333333333333,61.23333333333333,194.6,4.34,1976.377584737924,32.19,103.9308394998287,25.41
2005-05-01,1178.28,20.696666666666665,62.24666666666667,194.4,4.14,2001.9425722222222,32.59,105.75945613854596,25.65
2005-06-01,1202.25,20.93,63.26,194.5,4.0,2041.6182994858611,32.94,107.42588781491001,26.07
2005-07-01,1222.24,21.11,64.33,195.4,4.18,2066.004689457523,33.07,108.73975788126918,26.29
2005-08-01,1224.27,21.29,65.39999999999999,196.4,4.26,2058.899241904277,33.18,109.98555091649693,26.1
2005-09-01,1225.92,21.47,66.47,198.8,4.2,2036.784680885312,33.06,110.43549149899397,25.73
2005-10-01,1191.96,21.72,67.58999999999999,199.2,4.46,1976.3857644578316,33.38,112.07080256024095,24.88
2005-11-01,1237.37,21.97,68.71,197.6,4.54,2068.2927601720644,34.04,114.8503645242915,25.93
2005-12-01,1262.07,22.22,69.83,196.8,4.47,2118.1549111280488,34.56,117.19695218495934,26.44
2006-01-01,1278.73,22.406666666666663,70.77666666666666,198.3,4.42,2129.8818350479073,34.59,117.88722926542275,26.47
2006-02-01,1276.65,22.593333333333334,71.72333333333334,198.7,4.57,2122.1366806743836,34.81,119.22352761281667,26.25
2006-03-01,1293.74,22.78,72.67,199.8,4.72,2138.705034134134,34.9,120.13209364364363,26.33
2006-04-01,1302.17,23.0,73.27666666666666,201.5,4.99,2134.479582183623,34.94,120.1130027956989,26.15
2006-05-01,1290.01,23.22,73.88333333333333,202.5,5.11,2104.105051506173,35.1,120.50937193415636,25.65
2006-06-01,1253.17,23.44,74.49,202.9,5.11,2039.9865885165107,35.37,121.25936702809264,24.75
2006-07-01,1260.24,23.66,75.85,203.5,5.09,2045.4469303194103,35.59,123.10920909090908,24.7
2006-08-01,1287.15,23.88,77.21,203.9,4.88,2085.025183668465,35.85,125.0707333496812,25.05
2006-09-01,1317.74,24.1,78.57,202.9,4.72,2145.097574273041,36.36,127.90103997042877,25.64
2006-10-01,1363.38,24.36,79.55,201.8,4.73,2231.4909333002975,36.95,130.2022207631318,26.54
2006-11-01,1388.64,24.62,80.53,201.5,4.6,2276.218717220844,37.4,132.00245801488836,26.93
2006-12-01,1416.42,24.88,81.51,201.8,4.56,2318.3033253716553,37.74,133.41022016848365,27.28
2007-01-01,1424.16,25.08333333333333,82.05666666666667,202.42,4.76,2323.8320268748153,37.94,133.89360045120708,27.21
2007-02-01,1444.8,25.286666666666665,82.60333333333334,203.5,4.72,2344.999146928747,38.04,134.07028391482393,27.32
2007-03-01,1406.95,25.49,83.15,205.35,4.56,2262.9936028731436,38.0,133.7417236425615,26.23
2007-04-01,1463.64,25.71666666666667,83.74000000000001,206.69,4.69,2338.9135735642753,38.09,133.81748425177804,26.98
2007-05-01,1511.14,25.94333333333333,84.33000000000001,207.95,4.75,2400.1873720605918,38.19,133.9437782640058,27.55
2007-06-01,1514.19,26.17,84.92,208.35,5.1,2400.4144836573078,38.45,134.62194173266138,27.42
2007-07-01,1520.71,26.440000000000005,82.81333333333333,208.3,5.0,2411.329179212674,38.86,131.31379887982075,27.41
2007-08-01,1454.62,26.71,80.70666666666666,207.92,4.67,2310.7483823585994,39.33,128.20722899833268,26.15
2007-09-01,1497.12,26.98,78.6,208.49,4.52,2371.760065998369,39.61,124.5193045229987,26.73
2007-10-01,1539.66,27.230000000000004,74.46000000000001,208.94,4.53,2433.8993030535084,39.9,117.70659892792192,27.32
2007-11-01,1463.39,27.480000000000004,70.32000000000001,210.18,4.15,2299.6834773527453,40.03,110.50625064230661,25.73
2007-12-01,1479.22,27.73,66.18,210.04,4.1,2326.1093670729388,40.42,104.06965692249098,25.96
2008-01-01,1378.76,27.92,64.25,211.08,3.74,2157.4510928557893,40.49,100.53688293537995,24.02
2008-02-01,1354.87,28.11,62.32,211.69,3.74,2113.9594544380934,40.65,97.23586262931646,23.5
2008-03-01,1316.94,28.3,60.39,213.53,3.51,2037.0723711890603,40.57,93.41260839226338,22.61
2008-04-01,1370.47,28.436666666666667,57.383333333333326,214.82,3.68,2107.1438772460665,40.52,88.22881164075349,23.36
2008-05-01,1403.22,28.57333333333333,54.376666666666665,216.63,3.88,2139.471649633015,40.38,82.90741062333626,23.7
2008-06-01,1341.25,28.71,51.37,218.81,4.1,2024.6126148256478,40.17,77.54285183492527,22.42
2008-07-01,1257.33,28.756666666666668,49.56333333333333,219.96,4.01,1888.012810010911,40.02,74.42454108322725,20.91
2008-08-01,1281.47,28.80333333333333,47.75666666666667,219.09,3.89,1931.902737276918,40.25,71.99640651482648,21.4
2008-09-01,1216.95,28.85,45.95,218.78,3.69,1837.2340540725845,40.37,69.37089016363471,20.36
2008-10-01,968.8,28.696666666666665,35.593333333333334,216.57,3.81,1477.5262427852426,40.56,54.28373665173693,16.39
2008-11-01,883.04,28.543333333333333,25.236666666666668,212.43,3.53,1372.9790082380077,41.13,39.23878144957555,15.26
2008-12-01,877.56,28.39,14.88,210.23,2.42,1378.7372167625936,41.34,23.378013794415644,15.38
2009-01-01,865.58,28.01333333333333,12.206666666666669,211.14,2.52,1354.0542528180356,40.62,19.095275899087497,15.17
2009-02-01,805.23,27.63666666666667,9.533333333333331,212.19,2.87,1253.413602855931,39.87,14.83949887679281,14.12
2009-03-01,757.13,27.26,6.86,212.71,2.82,1175.6604724272484,39.23,10.652108410511964,13.32
2009-04-01,848.15,26.703333333333333,7.076666666666666,213.24,2.93,1313.7216654942788,38.34,10.96123364909648,14.98
2009-05-01,902.41,26.14666666666667,7.293333333333333,213.86,3.29,1393.7141406995229,37.43,11.264083730789613,16.0
2009-06-01,926.12,25.59,7.51,215.69,3.72,1418.1971957902547,36.32,11.500303352033011,16.38
2009-07-01,935.82,25.026666666666664,9.186666666666667,215.35,3.56,1435.3136534014398,35.58,14.090047333797695,16.69
2009-08-01,1009.73,24.46333333333333,10.863333333333332,215.83,3.59,1545.2288879673818,34.7,16.62457932941049,18.09
2009-09-01,1044.55,23.9,12.54,215.97,3.4,1597.4790626012873,33.88,19.178007223225446,18.83
2009-10-01,1067.66,23.40333333333333,25.35,216.18,3.39,1631.236119807568,33.14,38.731277407715794,19.36
2009-11-01,1088.07,22.906666666666663,38.16,216.33,3.4,1661.2670665649698,32.42,58.26275079739286,19.81
2009-12-01,1110.38,22.41,50.97,215.95,3.59,1698.3132268580694,31.77,77.95801903218339,20.32
2010-01-01,1123.58,22.24,54.28999999999999,216.69,3.73,1712.633757626102,31.42,82.75235114679957,20.53
2010-02-01,1089.16,22.07,57.61,216.74,3.69,1659.7855674079542,31.17,87.79265354802989,19.92
2010-03-01,1152.05,21.9,60.93,217.63,3.73,1748.4448405550704,30.81,92.47232683913063,21.0
2010-04-01,1197.32,21.946666666666665,62.986666666666665,218.01,3.85,1813.9829125269484,30.82,95.42706799382292,21.8
2010-05-01,1125.06,21.99333333333333,65.04333333333332,218.18,3.42,1703.1783049775413,30.86,98.4662099948055,20.48
2010-06-01,1083.36,22.04,67.1,217.97,3.2,1641.6306119190713,30.95,101.67757168417673,19.74
2010-07-01,1079.8,22.14333333333333,68.68666666666667,218.01,3.01,1635.9358809228936,31.09,104.06277323670169,19.67
2010-08-01,1087.28,22.246666666666663,70.27333333333333,218.31,2.7,1645.0046861802025,31.2,106.32032470645717,19.77
2010-09-01,1122.08,22.35,71.86,218.44,2.65,1696.645163156931,31.32,108.65617551730452,20.38
2010-10-01,1171.58,22.476666666666667,73.69,218.71,2.54,1769.3048920488316,31.46,111.28568044442412,21.24
2010-11-01,1198.89,22.60333333333333,75.52,218.8,2.76,1809.8033581809873,31.62,114.00241023765996,21.7
2010-12-01,1241.53,22.73,77.35,219.18,3.29,1870.9219285062504,31.75,116.56247627520757,22.4
2011-01-01,1282.62,22.96333333333333,78.67,220.22,3.39,1923.7145021342292,31.92,117.99178235400963,22.98
2011-02-01,1321.12,23.196666666666665,79.99000000000001,221.31,3.58,1971.698920789842,32.09,119.38067448375584,23.49
2011-03-01,1304.49,23.43,81.31,223.47,3.41,1928.0615544368372,32.1,120.17775911755493,22.9
2011-04-01,1331.51,23.73333333333333,82.16333333333334,224.91,3.46,1955.3974142101285,32.3,120.66148173343413,23.14
2011-05-01,1338.31,24.036666666666665,83.01666666666667,225.96,3.17,1956.2507737210124,32.56,121.34813189650086,23.06
2011-06-01,1287.29,24.34,83.87,225.72,3.0,1883.673914451533,33.01,122.72582806131491,22.1
2011-07-01,1325.19,24.62,84.90666666666667,225.92,3.0,1937.4158138721673,33.36,124.13277998111427,22.61
2011-08-01,1185.31,24.9,85.94333333333334,226.54,2.3,1728.1698412200938,33.65,125.30449985285897,20.05
2011-09-01,1173.88,25.18,86.98,226.89,1.98,1708.864854510997,33.97,126.62032324033675,19.7
2011-10-01,1207.22,25.596666666666664,86.97,226.42,2.15,1761.0472372581928,34.61,126.86857260842683,20.16
2011-11-01,1226.42,26.01333333333333,86.96000000000001,226.23,2.01,1790.558020863723,35.2,126.96052371480353,20.35
2011-12-01,1243.32,26.43,86.95,225.67,1.98,1819.736308592192,35.85,127.26094008951124,20.52
2012-01-01,1300.58,26.736666666666668,87.48,226.66,1.97,1895.228403511868,36.11,127.47741833583342,21.21
2012-02-01,1352.49,27.043333333333337,88.01,227.66,1.97,1962.2154949046826,36.36,127.68640485812176,21.8
2012-03-01,1389.24,27.35,88.54,229.39,2.17,2000.332391647413,36.5,127.48656096604039,22.05
2012-04-01,1386.43,27.67333333333333,88.33333333333334,230.09,2.05,1990.2130644095791,36.82,126.80204123024326,21.78
2012-05-01,1341.27,27.996666666666663,88.12666666666667,229.81,1.8,1927.7320051781908,37.29,126.65950617176509,20.94
2012-06-01,1323.48,28.32,87.92,229.48,1.62,1904.8988131427575,37.78,126.54418929754227,20.55
2012-07-01,1359.78,28.74333333333333,87.44666666666667,229.1,1.53,1960.3920364033172,38.41,126.0716799359814,21.0
2012-08-01,1403.45,29.166666666666664,86.97333333333333,230.38,1.68,2012.1091711520098,38.76,124.6926086755216,21.41
2012-09-01,1443.42,29.59,86.5,231.41,1.72,2060.202765913314,39.14,123.46201330971003,21.78
2012-10-01,1437.82,30.14333333333333,86.50333333333333,231.32,1.75,2053.0083056372127,39.89,123.51480838953255,21.58
2012-11-01,1394.51,30.696666666666665,86.50666666666667,230.22,1.65,2000.6814847971507,40.82,124.10974916746302,20.9
2012-12-01,1422.29,31.25,86.51,229.6,1.72,2046.0471732142857,41.67,124.44968392857143,21.24
2013-01-01,1480.4,31.536666666666665,86.90666666666667,230.28,1.91,2123.3531231544207,41.92,124.65113623993979,21.9
2013-02-01,1512.31,31.82333333333333,87.30333333333334,232.17,1.98,2151.4640428565276,41.96,124.20071446210393,22.05
2013-03-01,1550.83,32.11,87.7,232.77,1.96,2200.5769351290974,42.23,124.44342526957941,22.42
2013-04-01,1570.7,32.49666666666667,88.78333333333333,232.53,1.76,2231.0721846643446,42.78,126.11066751243567,22.6
2013-05-01,1639.84,32.88333333333334,89.86666666666667,232.94,1.93,2325.1810471366016,43.21,127.42479150568103,23.41
2013-06-01,1618.77,33.27,90.95,233.5,2.3,2289.800426595289,43.62,128.6515989293362,22.93
2013-07-01,1668.68,33.64666666666667,92.09,233.6,2.58,2359.3892261986302,44.09,130.20840055650686,23.49
2013-08-01,1670.09,34.02333333333333,93.23,233.88,2.74,2358.5558250812383,44.53,131.6624610484009,23.36
2013-09-01,1687.17,34.4,94.37,234.15,2.81,2379.929279564382,44.97,133.11872906256673,23.44
2013-10-01,1720.03,34.596666666666664,96.31333333333332,233.55,2.62,2432.5149594947547,45.35,136.20903364019122,23.83
2013-11-01,1783.54,34.79333333333334,98.25666666666666,233.07,2.72,2527.5272545587163,45.7,139.24352856795525,24.64
2013-12-01,1807.78,34.99,100.2,233.05,2.9,2562.098603475649,45.96,142.00969148251448,24.86
2014-01-01,1822.36,35.403333333333336,100.41666666666666,233.92,2.86,2573.1564273255813,46.33,141.78745760658916,24.86
2014-02-01,1817.04,35.81666666666666,100.63333333333333,234.78,2.71,2556.2466680296448,46.7,141.5729004458074,24.59
2014-03-01,1863.52,36.23,100.85,236.29,2.72,2604.8821844343815,46.94,140.97104849972493,24.96
2014-04-01,1864.26,36.61333333333333,101.60666666666668,237.07,2.71,2597.3426759185054,47.28,141.56144072777383,24.79
2014-05-01,1889.77,36.99666666666667,102.36333333333334,237.9,2.56,2623.698203488861,47.61,142.1180851478212,24.94
2014-06-01,1947.09,37.38,103.12,238.34,2.6,2698.288987874465,48.01,142.90431383737518,25.56
2014-07-01,1973.1,37.75,104.06666666666666,238.25,2.54,2735.3667084994754,48.5,144.27068849247988,25.82
2014-08-01,1961.53,38.120000000000005,105.01333333333334,237.85,2.42,2723.900055875552,49.06,145.82791215752223,25.62
2014-09-01,1993.23,38.49,105.96,238.03,2.53,2765.827485569046,49.5,147.03124093601645,25.92
2014-10-01,1937.27,38.806666666666665,104.74333333333334,237.43,2.3,2694.9699705597436,50.03,145.71027164497607,25.16
2014-11-01,2044.57,39.123333333333335,103.52666666666669,236.15,2.33,2859.653436417531,50.72,144.79836253793496,26.61
2014-12-01,2054.27,39.44,102.31,234.81,2.21,2889.6171419871384,51.42,143.91327809718496,26.79
2015-01-01,2028.18,39.89666666666667,101.29,233.71,1.88,2866.345713662231,52.26,143.14910774036198,26.49
2015-02-01,2082.2,40.35333333333333,100.27,234.72,1.98,2930.0276269597816,52.63,141.0978148858214,27.0
2015-03-01,2079.99,40.81,99.25,236.12,2.04,2909.5635146112145,52.91,138.83440729290191,26.73
2015-04-01,2094.86,41.120000000000005,97.80333333333334,236.6,1.94,2924.419247590871,53.2,136.53320531135535,26.79
2015-05-01,2111.94,41.43,96.35666666666668,237.81,2.2,2933.2618410495775,53.33,133.82924394825002,26.81
2015-06-01,2099.29,41.74,94.91,238.64,2.36,2905.551424614482,53.54,131.36150113141133,26.5
2015-07-01,2094.14,41.99666666666667,93.49333333333334,238.65,2.32,2898.3020449193377,53.87,129.39532179621483,26.38
2015-08-01,2039.87,42.25333333333333,92.07666666666668,238.32,2.17,2827.1013003944277,54.28,127.61110466319798,25.69
2015-09-01,1944.41,42.51,90.66,237.94,2.17,2699.1048673194923,54.69,125.84837933932924,24.5
2015-10-01,2024.81,42.803333333333335,89.28333333333333,237.84,2.07,2811.892740203498,55.09,123.98948880199573,25.49
2015-11-01,2080.62,43.09666666666666,87.90666666666667,237.34,2.26,2895.484206876211,55.59,122.33486413302998,26.23
2015-12-01,2054.08,43.39,86.53,236.53,2.24,2868.339092039065,56.16,120.83140950407983,25.97
2016-01-01,1918.6,43.553333333333335,86.5,236.92,2.09,2674.7431614046936,56.28,120.59068250886375,24.21
2016-02-01,1904.42,43.71666666666667,86.47,237.11,1.78,2652.8471808865083,56.44,120.45226143983805,24.0
2016-03-01,2021.95,43.88,86.44,238.13,1.89,2804.5014544576493,56.41,119.89470843656827,25.37
2016-04-01,2075.54,44.07333333333334,86.6,239.26,1.81,2865.2358656691467,56.39,119.5493346150631,25.92
2016-05-01,2065.55,44.266666666666666,86.75999999999999,240.23,1.81,2839.9313414228036,56.41,119.28660317196021,25.69
2016-06-01,2083.89,44.46,86.92,241.02,1.64,2855.755869927807,56.47,119.11487660775039,25.84
2016-07-01,2148.9,44.65,87.64333333333333,240.63,1.5,2949.6182009724475,56.8,120.30079165800885,26.69
2016-08-01,2170.95,44.84,88.36666666666667,240.85,1.56,2977.1625009341915,56.99,121.18285834890321,26.95
2016-09-01,2157.69,45.03,89.09,241.43,1.63,2951.869706208839,57.1,121.88130460174793,26.73
2016-10-01,2143.02,45.25333333333333,90.91,241.73,1.76,2928.161605344806,57.31,124.21683957307741,26.53
2016-11-01,2164.99,45.47666666666667,92.73,241.35,2.14,2962.8383760928114,57.68,126.9031277812306,26.85
2016-12-01,2246.63,45.7,94.55,241.43,2.49,3073.545800397631,57.95,129.35096363335128,27.87
2017-01-01,2275.12,45.92666666666667,96.46333333333334,242.84,2.43,3094.4498853566133,57.9,131.20228857135015,28.06
2017-02-01,2329.91,46.153333333333336,98.37666666666668,243.6,2.42,3159.084415558292,58.0,133.38721003010403,28.66
2017-03-01,2366.82,46.38,100.29,243.8,2.48,3206.4974497949142,58.24,135.86991374077112,29.09
2017-04-01,2359.31,46.66,101.53333333333332,244.52,2.3,3186.9114094143624,58.42,137.1493099405638,28.9
2017-05-01,2395.35,46.94,102.77666666666669,244.73,2.3,3232.8171354145384,58.72,138.70965375447776,29.31
2017-06-01,2433.99,47.22,104.02,244.96,2.19,3281.8821810499667,59.01,140.25586977465707,29.75
2017-07-01,2454.1,47.53666666666667,105.04,244.79,2.32,3311.2956056211447,59.45,141.72955071694108,30.0
2017-08-01,2456.22,47.85333333333334,106.06,245.52,2.21,3304.3021849951124,59.67,142.68033390355163,29.91
2017-09-01,2492.84,48.17,107.08,246.82,2.2,3335.903095859331,59.74,143.29379483024067,30.17
2017-10-01,2557.0,48.42333333333333,108.01333333333334,246.66,2.36,3423.9811927349388,60.1,144.6365357442093,30.92
2017-11-01,2593.61,48.67666666666666,108.94666666666666,246.67,2.35,3472.863452101999,60.41,145.88041258901907,31.3
2017-12-01,2664.34,48.93,109.88,246.52,2.4,3569.742218156742,60.76,147.2196772675645,32.09
2018-01-01,2789.8,49.28666666666666,111.73333333333332,247.87,2.58,3717.478562956389,60.87,148.88747273436343,33.31
2018-02-01,2705.16,49.64333333333333,113.58666666666666,248.99,2.86,3588.4791030965093,61.04,150.67625564614374,32.04
2018-03-01,2702.77,50.0,115.44,249.55,2.84,3577.263120056101,61.33,152.7911196954518,31.81
2018-04-01,2653.63,50.33,117.78666666666666,250.55,2.87,3498.2056020355217,61.5,155.27484132242398,30.97
2018-05-01,2701.49,50.66,120.13333333333333,251.59,2.98,3546.5767183512858,61.64,157.7137368999828,31.24
2018-06-01,2754.35,50.99,122.48,251.99,2.91,3610.232646335172,61.94,160.53925409738483,31.63
2018-07-01,2793.64,51.44,125.11666666666667,252.01,2.89,3661.4409607555253,62.49,163.98221968704948,31.89
2018-08-01,2857.82,51.89,127.75333333333332,252.15,2.89,3743.4778554828476,63.0,167.34496024852928,32.39
2018-09-01,2901.5,52.34,130.39,252.44,3.0,3796.3283928854385,63.47,170.60253632546346,32.62
2018-10-01,2785.46,52.81,131.05666666666667,252.88,3.15,3638.1601541442583,63.93,171.1764457581989,31.04
2018-11-01,2723.23,53.28,131.72333333333333,252.04,3.12,3568.7343532375817,64.71,172.62059568586997,30.2
2018-12-01,2567.31,53.75,132.39,251.23,2.83,3375.2518482267246,65.49,174.0536172829678,28.29
2019-01-01,2607.39,54.14666666666667,133.05666666666664,251.71,2.71,3421.408228795042,65.85,174.59650233734584,28.38
2019-02-01,2754.86,54.54333333333334,133.7233333333333,252.78,2.68,3599.616164174381,66.06,174.72854235567155,29.54
2019-03-01,2803.98,54.94,134.39,254.2,2.57,3643.331888827695,66.16,174.61871073957514,29.58
2019-04-01,2903.8,55.31909158059271,134.68333333333334,255.55,2.53,3753.1004241831347,66.27,174.07537552990283,30.13
2019-05-01,2854.71,55.69818316118541,134.97666666666666,256.09,2.4,3681.8725058768405,66.58,174.0866420529241,29.24
2019-06-01,2890.17,56.07727474177812,135.27,256.14,2.06,3726.879518271258,67.02,174.43091321152497,29.28
2019-07-01,2996.1136363636365,56.45818316118542,134.48000000000002,256.57,1.63,3857.0189862238553,67.36,173.12157555442963,29.99
2019-08-01,2897.498181818182,56.83909158059271,133.69,256.56,1.63,3730.212686963177,67.82,172.11128457280947,28.71
2019-09-01,2982.156,57.22,132.9,256.76,1.7,3836.209891369372,68.22,170.96097406138028,29.23
2019-10-01,2977.68,57.56,135.09,257.35,1.71,3821.67033316495,68.47,173.37976052069166,28.84
2019-11-01,3104.9045,57.900000000000006,137.28,257.21,1.81,3987.124225413087,68.91,176.28639259748843,29.84
2019-12-01,3176.7495238095235,58.24,139.47,256.97,1.86,4083.1930982901463,69.38,179.26592485504142,30.33
2020-01-01,3278.2028571428577,58.686867862126704,131.75666666666666,257.97,1.76,4197.261140032894,69.64,168.69521534803786,30.99
2020-02-01,3277.3142105263164,59.13373572425341,124.04333333333332,258.68,1.5,4184.606241446454,69.98,158.38350354363175,30.73
2020-03-01,2652.3936363636367,59.58060358638012,116.33,258.12,0.87,3394.0301074517847,70.66,148.8570614055478,24.82
2020-04-01,2761.975238095238,59.61373572425342,110.63,256.39,0.66,3558.099330380243,71.18,142.51848586138306,25.93
2020-05-01,2919.615,59.64686786212671,104.93,256.39,0.67,3761.177882113187,71.22,135.17549237489766,27.33
2020-06-01,3104.6609090909087,59.68,99.23,257.8,0.73,3977.687221281472,70.87,127.13333743211793,28.84
2020-07-01,3207.6190909090906,59.403333333333336,98.89333333333336,259.1,0.62,4088.977739844215,70.18,126.06629002958964,29.6
2020-08-01,3391.71,59.126666666666665,98.55666666666669,259.92,0.65,4310.011045821791,69.64,125.24075524520367,31.16
2020-09-01,3365.5166666666664,58.85,98.22,260.28,0.68,4270.8106515419295,69.22,124.64030451821117,30.84
2020-10-01,3418.701363636364,58.65961537867005,96.85666666666668,260.39,0.79,4336.468871690717,68.96,122.8583240651843,31.28
2020-11-01,3548.992500000001,58.469230757340114,95.49333333333334,260.23,0.87,4504.505167745841,68.78,121.20347210800702,32.47
2020-12-01,3695.31,58.27884613601017,94.13,260.47,0.93,4685.89482792644,68.49,119.36299800360884,33.77
2021-01-01,3793.748421052632,58.06369311230766,105.48666666666664,261.58,1.08,4790.307161230739,67.95,133.19637431505973,34.51
2021-02-01,3883.4321052631576,57.84854008860516,116.84333333333332,263.01,1.26,4876.888484634364,67.33,146.73409793037018,35.1
2021-03-01,3910.5082608695648,57.63338706490265,128.2,264.88,1.61,4876.221326666381,66.61,159.85941784959226,35.04
2021-04-01,4141.176190476191,57.71060542140715,138.38666666666666,267.05,1.64,5121.892931963874,66.15,171.1595105535792,36.72
2021-05-01,4167.849500000001,57.787823777911655,148.57333333333332,269.19,1.62,5113.902874934063,65.72,182.29775246727837,36.55
2021-06-01,4238.489545454546,57.86504213441615,158.76,271.7,1.52,5152.5337778315,65.2,192.99711696724327,36.7
2021-07-01,4363.7128571428575,58.32818900579217,164.31666666666666,273.0,1.32,5279.501138184198,65.41,198.80089664224664,37.44
2021-08-01,4454.206363636363,58.79133587716819,169.8733333333333,273.57,1.28,5377.757730981267,65.79,205.09548885720898,37.97
2021-09-01,4445.543333333333,59.254482748544206,175.43,274.31,1.37,5352.819234430632,66.13,211.23291527833473,37.62
2021-10-01,4460.707142857143,59.63536092649366,182.91,276.59,1.58,5326.802647730266,66.0,218.42399446834668,37.25
2021-11-01,4667.386666666667,60.01623910444312,190.39,277.95,1.56,5546.339788786953,66.1,226.2438721712538,38.58
2021-12-01,4674.772727272726,60.397117282392585,197.87,278.8,1.47,5538.180446230597,66.32,234.4156237804878,38.3
2022-01-01,4573.8155,60.921402962953294,197.88333333333333,281.15,1.76,5373.285587556465,66.33,232.4719182524157,36.94
2022-02-01,4435.980526315789,61.44568864351402,197.89666666666665,283.72,1.93,5164.152389603908,66.3,230.38165699750922,35.29
2022-03-01,4391.265217391306,61.969974324074734,197.91,287.5,2.13,5044.884043296788,65.98,227.36795697391304,34.27
2022-04-01,4391.295999999999,62.65331621604982,196.02666666666664,289.11,2.75,5016.825186704022,66.34,223.9501774872309,33.89
2022-05-01,4040.36,63.336658108024906,194.1433333333333,292.3,2.9,4565.523864112214,66.33,219.37798151442576,30.67
2022-06-01,3898.946666666668,64.02,192.26,296.31,3.14,4346.106413463379,66.14,214.30978427997704,29.05
2022-07-01,3911.729499999999,64.4527684478357,190.5833333333333,296.28,2.9,4360.79678595754,66.6,212.4623360222312,29.0
2022-08-01,4158.5630434782615,64.8855368956714,188.90666666666664,296.17,2.9,4637.688703513406,67.07,210.67140376585516,30.7
2022-09-01,3850.520476190475,65.31830534350709,187.23,296.81,3.52,4284.89592548223,67.37,208.35133044708735,28.23
2022-10-01,3726.050952380952,65.85220356233806,182.4033333333333,298.01,3.98,4129.688759487138,67.65,202.16282734360144,27.08
2022-11-01,3917.488571428571,66.38610178116903,177.57666666666665,297.71,3.89,4346.239806264006,68.26,197.01162192513968,28.38
2022-12-01,3912.380952380953,66.92,172.75,296.8,3.62,4353.881542805802,69.02,192.24432530323452,28.32
2023-01-01,3960.6565,67.35,173.55666666666667,299.17,3.53,4372.688161762543,68.92,191.6119667858854,28.33
2023-02-01,4079.684736842105,67.78,174.36333333333332,300.84,3.75,4479.096233166432,68.97,191.43394647210033,28.92
2023-03-01,3968.559130434783,68.21,175.17,301.67,3.66,4345.103261407153,69.22,191.79044919945633,27.95
2023-04-01,4121.467368421053,68.37666666666667,177.17,303.36,3.46,4487.380740763103,69.0,192.89956095068564,28.76
2023-05-01,4146.173181818183,68.54333333333332,179.17,304.13,3.57,4502.850684714673,68.99,194.58322694242594,28.76
2023-06-01,4345.372857142857,68.71,181.17,305.11,3.75,4704.02883256624,68.94,196.12330900331025,29.94
2023-07-01,4508.075500000001,0.0,182.1775221010041,305.69,3.9,4870.901178061109,0.0,196.8398060365303,30.89
2023-08-01,4457.358695652174,0.0,183.2245149286348,305.98,4.17,4811.537929482461,0.0,197.7834326077638,30.47
2023-09-01,4409.1,0.0,184.27752493098865,307.276,4.38,4739.370684010466,0.0,198.08112752714507,30.81
2023-10-01,4269.4,0.0,185.3023285910114,307.696,4.8,4582.94204084551,0.0,198.91081462648498,26.708770153477957
2023-11-01,4460.06,0.0,186.36728000071648,308.148,4.5,4780.58140108,0.0,199.76053069718657,27.81376332832575
2023-12-01,4685.05,0.0,187.40370520083107,308.741,4.02,5012.094991109053,0.0,200.48562387858465,29.128325023992332
2024-01-01,4804.49,0.0,188.4807334365532,309.698,4.06,5123.989872617841,0.0,201.01475272349023,29.77953657553188
2024-02-01,5011.96,0.0,189.56395146355675,310.967,4.21,5323.443658909145,0.0,201.34498586908757,30.96987682336248
2024-03-01,5170.57,0.0,190.58291962708088,312.345,4.21,5467.681816613039,0.0,201.53421464210223,31.85062963298857
2024-04-01,5112.49,0.0,191.67821913284445,313.023,4.54,5394.554584072096,0.0,202.25342556950955,31.39504604655325
2024-05-01,5235.23,0.0,192.74417951291545,313.175,4.48,5521.385239530613,0.0,203.27948681682568,32.04846706181883
2024-06-01,5415.14,0.0,193.8519,313.044,4.31,5713.518981421143,0.0,204.53331035477441,33.04592604854087
2024-07-01,5538.0,0.0,194.9299486480745,313.569,4.25,5833.365651579078,0.0,205.32641150374707,33.69107118191319
2024-08-01,5478.21,0.0,196.0502309736393,314.062,3.87,5761.328704300425,0.0,206.1822791008662,33.225668688580406
2024-09-01,5621.26,0.0,197.17695167615784,314.732,3.72,5899.186702273681,0.0,206.92578733644243,33.99037975490384
2024-10-01,5792.32,0.0,198.2734915923822,315.631,4.1,6061.3905153803025,0.0,207.48388579867853,34.916052686867225
2024-11-01,5929.92,0.0,199.41298960076668,316.528,4.36,6187.797182429358,0.0,208.0849548040174,35.63222612984145
2024-12-01,6010.91,0.0,200.5219645648893,317.604,4.39,6251.059484861652,0.0,208.53327175360192,36.002389954644954
2025-01-01,5979.52,0.0,201.674384777112,318.961,4.63,6191.9595165553155,0.0,208.8394429763722,35.69733585939717
2025-02-01,6038.69,0.0,202.83342806600567,319.679,4.45,6239.186922412796,0.0,209.5679148652405,35.92819283597029
2025-03-01,5683.98,0.0,203.8860302076356,319.785,4.28,5870.753181481307,0.0,210.5856390242525,33.69790740067066
2025-04-01,5369.5,0.0,205.05778404872208,320.302,4.28,5536.987791209546,0.0,211.45403608720693,31.71609332971947
2025-05-01,5810.92,0.0,206.1981508280566,320.62,4.42,5986.233546129374,0.0,212.41908125335695,34.191169406783
2025-06-01,6029.95,0.0,207.38319266251509,321.435,4.38,6196.121378661315,0.0,213.09819047110642,35.33830276361352
2025-07-01,6296.5,0.0,208.5364914977764,322.169,4.39,6455.276188894649,0.0,213.79506838421784,36.74893585547781
2025-08-01,6408.95,0.0,209.7349720149084,323.291,4.26,6547.758280774906,0.0,214.27751812367234,37.24823216142402
2025-09-01,6584.02,0.0,210.94034032198843,324.245,4.12,6706.8288419559285,0.0,214.87491812046605,38.10143783398028
2025-10-01,6735.69,0.0,212.11342115693765,324.245,4.06,6861.327876050517,0.0,216.06987991854433,38.80682215437829
2025-11-01,6740.89,0.0,213.3324586541783,325.063,4.09,6849.345452327703,0.0,216.76480487248477,38.661500968231856
2025-12-01,6853.03,0.0,214.51884253095508,326.031,4.14,6942.615388690032,0.0,217.3231136182656,39.12423237958192
2026-01-01,6929.12,0.0,215.75170423052865,326.588,4.21,7007.727877815474,0.0,218.19931425959922,39.3757814926601
2026-02-01,6893.81,0.0,216.9916513122176,327.46,4.13,6953.451372167595,0.0,218.86894120462438,38.99339577622148
2026-03-01,6654.42,0.0,218.11772741843365,330.293,4.25,6654.42,0.0,218.11772741843365,37.46587613034141
2026-04-01,6957.01,0.0,219.3712722770556,330.293,4.32,6957.010000000001,0.0,219.3712722770556,38.98693040264537
